MAX Drawdwon ,7780,,,,,,,,
,,,,,,,,,
#,Time,Type,Order,Size,Price,S / L,T / P,Profit,Balance
1,2020.02.28 04:00,sell,1,0.1,1.68085,0,0,,
2,2020.02.28 05:40,sell,2,0.1,1.68725,0,0,,
3,2020.02.28 10:50,sell,3,0.1,1.69366,0,0,,
4,2020.02.28 15:57,sell,4,0.1,1.7001,0,0,,
5,2020.02.28 15:59,sell,5,0.1,1.70663,0,0,,
6,2020.03.03 15:01,close,1,0.1,1.68684,0,0,-39.21,"9,960.79"
7,2020.03.03 15:01,close,2,0.1,1.68684,0,0,2.68,"9,963.47"
8,2020.03.03 15:01,close,3,0.1,1.68684,0,0,44.64,"10,008.11"
9,2020.03.03 15:01,close,4,0.1,1.68684,0,0,86.79,"10,094.90"
10,2020.03.03 15:01,close,5,0.1,1.68684,0,0,129.54,"10,224.44"
11,2020.03.08 23:00,sell,6,0.1,1.71966,0,0,,
12,2020.03.08 23:22,close,6,0.1,1.71277,0,0,45.1,"10,269.54"
13,2020.03.09 00:00,sell,7,0.1,1.72285,0,0,,
14,2020.03.09 02:35,sell,8,0.1,1.72947,0,0,,
15,2020.03.09 02:41,sell,9,0.1,1.73609,0,0,,
16,2020.03.09 02:42,sell,10,0.1,1.74273,0,0,,
17,2020.03.09 02:49,sell,11,0.1,1.74938,0,0,,
18,2020.03.09 02:49,sell,12,0.1,1.75609,0,0,,
19,2020.03.09 02:49,sell,13,0.1,1.76313,0,0,,
20,2020.03.09 02:49,sell,14,0.1,1.7701,0,0,,
21,2020.03.09 02:49,sell,15,0.1,1.77702,0,0,,
22,2020.03.09 02:50,sell,16,0.1,1.78395,0,0,,
23,2020.03.09 03:47,close,7,0.1,1.74605,0,0,-151.87,"10,117.67"
24,2020.03.09 03:47,close,8,0.1,1.74605,0,0,-108.53,"10,009.14"
25,2020.03.09 03:47,close,9,0.1,1.74605,0,0,-65.2,"9,943.94"
26,2020.03.09 03:47,close,10,0.1,1.74605,0,0,-21.73,"9,922.21"
27,2020.03.09 03:47,close,11,0.1,1.74605,0,0,21.8,"9,944.01"
28,2020.03.09 03:47,close,12,0.1,1.74605,0,0,65.72,"10,009.73"
29,2020.03.09 03:47,close,13,0.1,1.74605,0,0,111.8,"10,121.53"
30,2020.03.09 03:47,close,14,0.1,1.74605,0,0,157.43,"10,278.96"
31,2020.03.09 03:47,close,15,0.1,1.74605,0,0,202.73,"10,481.69"
32,2020.03.09 03:47,close,16,0.1,1.74605,0,0,248.09,"10,729.78"
33,2020.03.09 04:00,sell,17,0.1,1.74065,0,0,,
34,2020.03.09 04:20,close,17,0.1,1.73356,0,0,46.41,"10,776.19"
35,2020.03.09 05:00,sell,18,0.1,1.75039,0,0,,
36,2020.03.09 06:00,close,18,0.1,1.74337,0,0,45.95,"10,822.14"
37,2020.03.09 07:00,sell,19,0.1,1.74072,0,0,,
38,2020.03.09 08:08,sell,20,0.1,1.74735,0,0,,
39,2020.03.09 09:37,close,19,0.1,1.73705,0,0,24.02,"10,846.16"
40,2020.03.09 09:37,close,20,0.1,1.73705,0,0,67.42,"10,913.58"
41,2020.03.09 10:00,sell,21,0.1,1.72956,0,0,,
42,2020.03.09 10:22,close,21,0.1,1.7225,0,0,46.21,"10,959.79"
43,2020.03.09 11:00,sell,22,0.1,1.72877,0,0,,
44,2020.03.09 14:32,sell,23,0.1,1.73535,0,0,,
45,2020.03.09 14:46,close,22,0.1,1.72505,0,0,24.36,"10,984.15"
46,2020.03.09 14:46,close,23,0.1,1.72505,0,0,67.43,"11,051.58"
47,2020.03.09 15:00,sell,24,0.1,1.72564,0,0,,
48,2020.03.09 15:27,close,24,0.1,1.71863,0,0,45.89,"11,097.47"
49,2020.03.09 16:00,buy,25,0.1,1.71655,0,0,,
50,2020.03.09 16:39,buy,26,0.1,1.70999,0,0,,
51,2020.03.09 17:16,close,25,0.1,1.72016,0,0,23.63,"11,121.10"
52,2020.03.09 17:16,close,26,0.1,1.72016,0,0,66.57,"11,187.67"
53,2020.03.09 18:00,buy,27,0.1,1.7331,0,0,,
54,2020.03.09 19:06,close,27,0.1,1.74005,0,0,45.49,"11,233.16"
55,2020.03.09 20:00,sell,28,0.1,1.73746,0,0,,
56,2020.03.10 00:13,close,28,0.1,1.73051,0,0,45.49,"11,278.65"
57,2020.03.10 01:00,sell,29,0.1,1.72759,0,0,,
58,2020.03.10 02:46,sell,30,0.1,1.73421,0,0,,
59,2020.03.10 15:50,sell,31,0.1,1.74081,0,0,,
60,2020.03.10 16:56,sell,32,0.1,1.74751,0,0,,
61,2020.03.11 16:08,close,29,0.1,1.73057,0,0,-19.5,"11,259.15"
62,2020.03.11 16:08,close,30,0.1,1.73057,0,0,23.83,"11,282.98"
63,2020.03.11 16:08,close,31,0.1,1.73057,0,0,67.04,"11,350.02"
64,2020.03.11 16:08,close,32,0.1,1.73057,0,0,110.9,"11,460.92"
65,2020.03.12 14:00,sell,33,0.1,1.76657,0,0,,
66,2020.03.12 14:56,sell,34,0.1,1.77331,0,0,,
67,2020.03.12 15:10,close,33,0.1,1.76285,0,0,24.35,"11,485.27"
68,2020.03.12 15:10,close,34,0.1,1.76285,0,0,68.48,"11,553.75"
69,2020.03.12 16:00,sell,35,0.1,1.76012,0,0,,
70,2020.03.12 16:17,sell,36,0.1,1.76683,0,0,,
71,2020.03.12 17:54,close,35,0.1,1.75641,0,0,24.29,"11,578.04"
72,2020.03.12 17:54,close,36,0.1,1.75641,0,0,68.22,"11,646.26"
73,2020.03.12 20:00,sell,37,0.1,1.76737,0,0,,
74,2020.03.12 20:59,sell,38,0.1,1.77411,0,0,,
75,2020.03.12 21:18,sell,39,0.1,1.78094,0,0,,
76,2020.03.12 21:36,sell,40,0.1,1.78792,0,0,,
77,2020.03.12 21:39,sell,41,0.1,1.79502,0,0,,
78,2020.03.12 22:51,close,37,0.1,1.77392,0,0,-42.88,"11,603.38"
79,2020.03.12 22:51,close,38,0.1,1.77392,0,0,1.24,"11,604.62"
80,2020.03.12 22:51,close,39,0.1,1.77392,0,0,45.96,"11,650.58"
81,2020.03.12 22:51,close,40,0.1,1.77392,0,0,91.65,"11,742.23"
82,2020.03.12 22:51,close,41,0.1,1.77392,0,0,138.13,"11,880.36"
83,2020.03.12 23:00,sell,42,0.1,1.77139,0,0,,
84,2020.03.12 23:20,sell,43,0.1,1.77816,0,0,,
85,2020.03.13 04:26,sell,44,0.1,1.78499,0,0,,
86,2020.03.13 10:43,close,42,0.1,1.77104,0,0,2.29,"11,882.65"
87,2020.03.13 10:43,close,43,0.1,1.77104,0,0,46.61,"11,929.26"
88,2020.03.13 10:43,close,44,0.1,1.77104,0,0,91.32,"12,020.58"
89,2020.03.13 11:00,sell,45,0.1,1.77164,0,0,,
90,2020.03.13 13:56,close,45,0.1,1.76451,0,0,46.67,"12,067.25"
91,2020.03.13 14:00,sell,46,0.1,1.76762,0,0,,
92,2020.03.13 16:14,sell,47,0.1,1.77438,0,0,,
93,2020.03.13 16:32,sell,48,0.1,1.78125,0,0,,
94,2020.03.13 16:48,sell,49,0.1,1.78815,0,0,,
95,2020.03.13 16:55,sell,50,0.1,1.79497,0,0,,
96,2020.03.13 17:01,sell,51,0.1,1.80185,0,0,,
97,2020.03.13 18:05,sell,52,0.1,1.80882,0,0,,
98,2020.03.13 20:59,close,46,0.1,1.78098,0,0,-87.46,"11,979.79"
99,2020.03.13 20:59,close,47,0.1,1.78098,0,0,-43.21,"11,936.58"
100,2020.03.13 20:59,close,48,0.1,1.78098,0,0,1.77,"11,938.35"
101,2020.03.13 20:59,close,49,0.1,1.78098,0,0,46.94,"11,985.29"
102,2020.03.13 20:59,close,50,0.1,1.78098,0,0,91.58,"12,076.87"
103,2020.03.13 20:59,close,51,0.1,1.78098,0,0,136.62,"12,213.49"
104,2020.03.13 20:59,close,52,0.1,1.78098,0,0,182.25,"12,395.74"
105,2020.03.13 21:00,sell,53,0.1,1.78366,0,0,,
106,2020.03.13 21:02,sell,54,0.1,1.79047,0,0,,
107,2020.03.13 21:43,sell,55,0.1,1.79734,0,0,,
108,2020.03.15 22:09,close,53,0.1,1.78295,0,0,4.64,"12,400.38"
109,2020.03.15 22:09,close,54,0.1,1.78295,0,0,49.22,"12,449.60"
110,2020.03.15 22:09,close,55,0.1,1.78295,0,0,94.2,"12,543.80"
111,2020.03.15 23:00,sell,56,0.1,1.78888,0,0,,
112,2020.03.15 23:03,sell,57,0.1,1.79594,0,0,,
113,2020.03.15 23:12,sell,58,0.1,1.8029,0,0,,
114,2020.03.15 23:15,sell,59,0.1,1.8099,0,0,,
115,2020.03.15 23:19,sell,60,0.1,1.81711,0,0,,
116,2020.03.15 23:20,sell,61,0.1,1.82431,0,0,,
117,2020.03.15 23:37,close,56,0.1,1.79914,0,0,-67.16,"12,476.64"
118,2020.03.15 23:37,close,57,0.1,1.79914,0,0,-20.95,"12,455.69"
119,2020.03.15 23:37,close,58,0.1,1.79914,0,0,24.61,"12,480.30"
120,2020.03.15 23:37,close,59,0.1,1.79914,0,0,70.44,"12,550.74"
121,2020.03.15 23:37,close,60,0.1,1.79914,0,0,117.64,"12,668.38"
122,2020.03.15 23:37,close,61,0.1,1.79914,0,0,164.77,"12,833.15"
123,2020.03.16 00:00,sell,62,0.1,1.80858,0,0,,
124,2020.03.16 00:37,close,62,0.1,1.80122,0,0,48.18,"12,881.33"
125,2020.03.16 01:00,sell,63,0.1,1.80497,0,0,,
126,2020.03.16 02:00,sell,64,0.1,1.81186,0,0,,
127,2020.03.16 02:16,sell,65,0.1,1.8191,0,0,,
128,2020.03.16 03:42,close,63,0.1,1.80472,0,0,1.64,"12,882.97"
129,2020.03.16 03:42,close,64,0.1,1.80472,0,0,46.74,"12,929.71"
130,2020.03.16 03:42,close,65,0.1,1.80472,0,0,94.13,"13,023.84"
131,2020.03.16 04:00,sell,66,0.1,1.80792,0,0,,
132,2020.03.16 04:46,close,66,0.1,1.80023,0,0,50.34,"13,074.18"
133,2020.03.16 05:00,sell,67,0.1,1.80359,0,0,,
134,2020.03.16 07:40,sell,68,0.1,1.81047,0,0,,
135,2020.03.16 07:57,sell,69,0.1,1.81741,0,0,,
136,2020.03.16 13:38,sell,70,0.1,1.82439,0,0,,
137,2020.03.16 14:43,sell,71,0.1,1.83138,0,0,,
138,2020.03.16 16:10,close,67,0.1,1.81012,0,0,-42.75,"13,031.43"
139,2020.03.16 16:10,close,68,0.1,1.81012,0,0,2.29,"13,033.72"
140,2020.03.16 16:10,close,69,0.1,1.81012,0,0,47.72,"13,081.44"
141,2020.03.16 16:10,close,70,0.1,1.81012,0,0,93.42,"13,174.86"
142,2020.03.16 16:10,close,71,0.1,1.81012,0,0,139.18,"13,314.04"
143,2020.03.16 17:00,sell,72,0.1,1.81606,0,0,,
144,2020.03.16 18:45,sell,73,0.1,1.82299,0,0,,
145,2020.03.16 21:13,sell,74,0.1,1.83003,0,0,,
146,2020.03.17 02:34,close,72,0.1,1.81572,0,0,2.23,"13,316.27"
147,2020.03.17 02:34,close,73,0.1,1.81572,0,0,47.59,"13,363.86"
148,2020.03.17 02:34,close,74,0.1,1.81572,0,0,93.68,"13,457.54"
149,2020.03.17 03:00,sell,75,0.1,1.82385,0,0,,
150,2020.03.17 03:21,sell,76,0.1,1.83083,0,0,,
151,2020.03.17 07:07,sell,77,0.1,1.83787,0,0,,
152,2020.03.17 14:41,close,75,0.1,1.82345,0,0,2.61,"13,460.15"
153,2020.03.17 14:41,close,76,0.1,1.82345,0,0,48.31,"13,508.46"
154,2020.03.17 14:41,close,77,0.1,1.82345,0,0,94.4,"13,602.86"
155,2020.03.17 15:00,sell,78,0.1,1.83261,0,0,,
156,2020.03.17 15:28,close,78,0.1,1.82524,0,0,48.25,"13,651.11"
157,2020.03.17 16:00,sell,79,0.1,1.83171,0,0,,
158,2020.03.17 16:22,close,79,0.1,1.82438,0,0,47.99,"13,699.10"
159,2020.03.17 17:00,sell,80,0.1,1.83534,0,0,,
160,2020.03.17 20:52,sell,81,0.1,1.84235,0,0,,
161,2020.03.17 22:03,close,80,0.1,1.83114,0,0,27.49,"13,726.59"
162,2020.03.17 22:03,close,81,0.1,1.83114,0,0,73.38,"13,799.97"
163,2020.03.17 23:00,sell,82,0.1,1.83027,0,0,,
164,2020.03.17 23:53,sell,83,0.1,1.8373,0,0,,
165,2020.03.18 09:16,sell,84,0.1,1.84435,0,0,,
166,2020.03.18 10:02,sell,85,0.1,1.8514,0,0,,
167,2020.03.18 13:02,sell,86,0.1,1.8585,0,0,,
168,2020.03.18 16:34,sell,87,0.1,1.86561,0,0,,
169,2020.03.18 18:03,sell,88,0.1,1.87281,0,0,,
170,2020.03.18 18:05,sell,89,0.1,1.88007,0,0,,
171,2020.03.18 18:06,sell,90,0.1,1.88726,0,0,,
172,2020.03.18 18:07,sell,91,0.1,1.89457,0,0,,
173,2020.03.19 14:01,close,82,0.1,1.85464,0,0,-159.54,"13,640.43"
174,2020.03.19 14:01,close,83,0.1,1.85464,0,0,-113.52,"13,526.91"
175,2020.03.19 14:01,close,84,0.1,1.85464,0,0,-67.37,"13,459.54"
176,2020.03.19 14:01,close,85,0.1,1.85464,0,0,-21.22,"13,438.32"
177,2020.03.19 14:01,close,86,0.1,1.85464,0,0,25.26,"13,463.58"
178,2020.03.19 14:01,close,87,0.1,1.85464,0,0,71.81,"13,535.39"
179,2020.03.19 14:01,close,88,0.1,1.85464,0,0,118.94,"13,654.33"
180,2020.03.19 14:01,close,89,0.1,1.85464,0,0,166.47,"13,820.80"
181,2020.03.19 14:01,close,90,0.1,1.85464,0,0,213.54,"14,034.34"
182,2020.03.19 14:01,close,91,0.1,1.85464,0,0,261.39,"14,295.73"
183,2020.03.19 15:00,sell,92,0.1,1.85702,0,0,,
184,2020.03.19 15:08,close,92,0.1,1.84949,0,0,49.3,"14,345.03"
185,2020.03.19 16:00,buy,93,0.1,1.84124,0,0,,
186,2020.03.19 16:22,buy,94,0.1,1.8342,0,0,,
187,2020.03.19 16:34,buy,95,0.1,1.8272,0,0,,
188,2020.03.19 16:35,buy,96,0.1,1.82016,0,0,,
189,2020.03.19 16:46,buy,97,0.1,1.81305,0,0,,
190,2020.03.19 16:51,buy,98,0.1,1.80613,0,0,,
191,2020.03.19 18:02,close,93,0.1,1.83116,0,0,-65.98,"14,279.05"
192,2020.03.19 18:02,close,94,0.1,1.83116,0,0,-19.9,"14,259.15"
193,2020.03.19 18:02,close,95,0.1,1.83116,0,0,25.92,"14,285.07"
194,2020.03.19 18:02,close,96,0.1,1.83116,0,0,72,"14,357.07"
195,2020.03.19 18:02,close,97,0.1,1.83116,0,0,118.54,"14,475.61"
196,2020.03.19 18:02,close,98,0.1,1.83116,0,0,163.84,"14,639.45"
197,2020.03.19 19:00,buy,99,0.1,1.84002,0,0,,
198,2020.03.19 19:50,close,99,0.1,1.84766,0,0,50.01,"14,689.46"
199,2020.03.19 20:00,buy,100,0.1,1.84806,0,0,,
200,2020.03.19 20:22,close,100,0.1,1.85548,0,0,48.56,"14,738.02"
201,2020.03.19 21:00,buy,101,0.1,1.85674,0,0,,
202,2020.03.19 23:38,close,101,0.1,1.8642,0,0,48.83,"14,786.85"
203,2020.03.20 00:00,sell,102,0.1,1.88079,0,0,,
204,2020.03.20 00:22,close,102,0.1,1.87297,0,0,51.19,"14,838.04"
205,2020.03.20 01:00,buy,103,0.1,1.85417,0,0,,
206,2020.03.20 01:08,close,103,0.1,1.86161,0,0,48.7,"14,886.74"
207,2020.03.20 02:00,buy,104,0.1,1.84211,0,0,,
208,2020.03.20 02:49,buy,105,0.1,1.83502,0,0,,
209,2020.03.20 03:18,buy,106,0.1,1.8277,0,0,,
210,2020.03.20 03:33,buy,107,0.1,1.82069,0,0,,
211,2020.03.20 04:04,close,104,0.1,1.8389,0,0,-21.01,"14,865.73"
212,2020.03.20 04:04,close,105,0.1,1.8389,0,0,25.4,"14,891.13"
213,2020.03.20 04:04,close,106,0.1,1.8389,0,0,73.31,"14,964.44"
214,2020.03.20 04:04,close,107,0.1,1.8389,0,0,119.19,"15,083.63"
215,2020.03.20 05:00,buy,108,0.1,1.82978,0,0,,
216,2020.03.20 05:25,close,108,0.1,1.83712,0,0,48.05,"15,131.68"
217,2020.03.20 06:00,buy,109,0.1,1.83949,0,0,,
218,2020.03.20 06:29,buy,110,0.1,1.83247,0,0,,
219,2020.03.20 07:14,buy,111,0.1,1.8254,0,0,,
220,2020.03.20 07:40,buy,112,0.1,1.81798,0,0,,
221,2020.03.20 08:12,buy,113,0.1,1.81088,0,0,,
222,2020.03.20 08:28,buy,114,0.1,1.80389,0,0,,
223,2020.03.20 14:49,close,109,0.1,1.82901,0,0,-68.6,"15,063.08"
224,2020.03.20 14:49,close,110,0.1,1.82901,0,0,-22.65,"15,040.43"
225,2020.03.20 14:49,close,111,0.1,1.82901,0,0,23.62,"15,064.05"
226,2020.03.20 14:49,close,112,0.1,1.82901,0,0,72.19,"15,136.24"
227,2020.03.20 14:49,close,113,0.1,1.82901,0,0,118.66,"15,254.90"
228,2020.03.20 14:49,close,114,0.1,1.82901,0,0,164.42,"15,419.32"
229,2020.03.20 15:00,buy,115,0.1,1.83516,0,0,,
230,2020.03.20 15:00,buy,116,0.1,1.82787,0,0,,
231,2020.03.20 15:32,buy,117,0.1,1.82083,0,0,,
232,2020.03.20 16:23,close,115,0.1,1.83534,0,0,1.18,"15,420.50"
233,2020.03.20 16:23,close,116,0.1,1.83534,0,0,48.9,"15,469.40"
234,2020.03.20 16:23,close,117,0.1,1.83534,0,0,94.98,"15,564.38"
235,2020.03.20 17:00,buy,118,0.1,1.82975,0,0,,
236,2020.03.20 17:05,close,118,0.1,1.83708,0,0,47.98,"15,612.36"
237,2020.03.20 18:00,buy,119,0.1,1.83425,0,0,,
238,2020.03.20 18:54,buy,120,0.1,1.8272,0,0,,
239,2020.03.20 20:06,close,119,0.1,1.83835,0,0,26.84,"15,639.20"
240,2020.03.20 20:06,close,120,0.1,1.83835,0,0,72.98,"15,712.18"
241,2020.03.20 21:00,buy,121,0.1,1.83891,0,0,,
242,2020.03.20 21:09,close,121,0.1,1.84629,0,0,48.3,"15,760.48"
243,2020.03.22 22:06,buy,122,0.1,1.83936,0,0,,
244,2020.03.22 23:04,close,122,0.1,1.84703,0,0,50.2,"15,810.68"
245,2020.03.23 00:00,buy,123,0.1,1.86454,0,0,,
246,2020.03.23 00:39,buy,124,0.1,1.85693,0,0,,
247,2020.03.23 01:05,buy,125,0.1,1.84967,0,0,,
248,2020.03.23 01:54,close,123,0.1,1.86455,0,0,0.06,"15,810.74"
249,2020.03.23 01:54,close,124,0.1,1.86455,0,0,49.87,"15,860.61"
250,2020.03.23 01:54,close,125,0.1,1.86455,0,0,97.4,"15,958.01"
251,2020.03.23 02:00,sell,126,0.1,1.86538,0,0,,
252,2020.03.23 02:16,sell,127,0.1,1.87252,0,0,,
253,2020.03.23 03:06,close,126,0.1,1.86136,0,0,26.31,"15,984.32"
254,2020.03.23 03:06,close,127,0.1,1.86136,0,0,73.05,"16,057.37"
255,2020.03.23 04:00,sell,128,0.1,1.86333,0,0,,
256,2020.03.23 07:16,close,128,0.1,1.85584,0,0,49.03,"16,106.40"
257,2020.03.23 08:00,sell,129,0.1,1.8596,0,0,,
258,2020.03.23 08:53,close,129,0.1,1.85213,0,0,48.91,"16,155.31"
259,2020.03.23 09:00,sell,130,0.1,1.84793,0,0,,
260,2020.03.23 09:40,sell,131,0.1,1.85506,0,0,,
261,2020.03.23 11:52,sell,132,0.1,1.86218,0,0,,
262,2020.03.23 13:41,close,130,0.1,1.84757,0,0,2.36,"16,157.67"
263,2020.03.23 13:41,close,131,0.1,1.84757,0,0,49.03,"16,206.70"
264,2020.03.23 13:41,close,132,0.1,1.84757,0,0,95.65,"16,302.35"
265,2020.03.23 14:00,sell,133,0.1,1.8514,0,0,,
266,2020.03.23 14:12,sell,134,0.1,1.8585,0,0,,
267,2020.03.23 16:34,sell,135,0.1,1.86562,0,0,,
268,2020.03.23 16:54,sell,136,0.1,1.87277,0,0,,
269,2020.03.23 18:12,close,133,0.1,1.85445,0,0,-19.97,"16,282.38"
270,2020.03.23 18:12,close,134,0.1,1.85445,0,0,26.51,"16,308.89"
271,2020.03.23 18:12,close,135,0.1,1.85445,0,0,73.12,"16,382.01"
272,2020.03.23 18:12,close,136,0.1,1.85445,0,0,119.93,"16,501.94"
273,2020.03.23 19:00,sell,137,0.1,1.85336,0,0,,
274,2020.03.23 21:39,close,137,0.1,1.8459,0,0,48.84,"16,550.78"
275,2020.03.23 23:00,sell,138,0.1,1.84187,0,0,,
276,2020.03.24 00:23,close,138,0.1,1.83425,0,0,49.89,"16,600.67"
277,2020.03.24 01:00,buy,139,0.1,1.83194,0,0,,
278,2020.03.24 02:05,buy,140,0.1,1.8248,0,0,,
279,2020.03.24 03:47,buy,141,0.1,1.81778,0,0,,
280,2020.03.24 11:59,close,139,0.1,1.83225,0,0,2.03,"16,602.70"
281,2020.03.24 11:59,close,140,0.1,1.83225,0,0,48.76,"16,651.46"
282,2020.03.24 11:59,close,141,0.1,1.83225,0,0,94.71,"16,746.17"
283,2020.03.24 15:00,buy,142,0.1,1.82621,0,0,,
284,2020.03.24 15:32,buy,143,0.1,1.81924,0,0,,
285,2020.03.24 16:23,buy,144,0.1,1.81229,0,0,,
286,2020.03.24 22:27,buy,145,0.1,1.80469,0,0,,
287,2020.03.25 06:07,buy,146,0.1,1.7978,0,0,,
288,2020.03.25 06:09,buy,147,0.1,1.79093,0,0,,
289,2020.03.25 09:55,buy,148,0.1,1.78409,0,0,,
290,2020.03.25 15:14,close,142,0.1,1.81226,0,0,-92.31,"16,653.86"
291,2020.03.25 15:14,close,143,0.1,1.81226,0,0,-46.69,"16,607.16"
292,2020.03.25 15:14,close,144,0.1,1.81226,0,0,-1.19,"16,605.97"
293,2020.03.25 15:14,close,145,0.1,1.81226,0,0,48.55,"16,654.52"
294,2020.03.25 15:14,close,146,0.1,1.81226,0,0,94.65,"16,749.17"
295,2020.03.25 15:14,close,147,0.1,1.81226,0,0,139.62,"16,888.79"
296,2020.03.25 15:14,close,148,0.1,1.81226,0,0,184.39,"17,073.18"
297,2020.03.25 16:00,buy,149,0.1,1.81338,0,0,,
298,2020.03.25 18:29,close,149,0.1,1.82064,0,0,47.52,"17,120.70"
299,2020.03.25 19:00,buy,150,0.1,1.82015,0,0,,
300,2020.03.25 20:51,close,150,0.1,1.82754,0,0,48.37,"17,169.07"
301,2020.03.25 21:00,sell,151,0.1,1.82486,0,0,,
302,2020.03.25 23:30,sell,152,0.1,1.83182,0,0,,
303,2020.03.25 23:32,sell,153,0.1,1.83889,0,0,,
304,2020.03.25 23:59,sell,154,0.1,1.84595,0,0,,
305,2020.03.26 01:54,sell,155,0.1,1.85305,0,0,,
306,2020.03.26 10:25,close,151,0.1,1.83152,0,0,-43.6,"17,125.47"
307,2020.03.26 10:25,close,152,0.1,1.83152,0,0,1.97,"17,127.44"
308,2020.03.26 10:25,close,153,0.1,1.83152,0,0,48.25,"17,175.69"
309,2020.03.26 10:25,close,154,0.1,1.83152,0,0,94.47,"17,270.16"
310,2020.03.26 10:25,close,155,0.1,1.83152,0,0,140.95,"17,411.11"
311,2020.03.26 11:00,sell,156,0.1,1.83374,0,0,,
312,2020.03.26 12:12,close,156,0.1,1.8264,0,0,48.06,"17,459.17"
313,2020.03.26 13:00,sell,157,0.1,1.82759,0,0,,
314,2020.03.26 13:39,close,157,0.1,1.82023,0,0,48.19,"17,507.36"
315,2020.03.26 15:00,buy,158,0.1,1.81775,0,0,,
316,2020.03.26 16:59,close,158,0.1,1.82503,0,0,47.65,"17,555.01"
317,2020.03.26 17:00,sell,159,0.1,1.82195,0,0,,
318,2020.03.26 20:02,close,159,0.1,1.8145,0,0,48.77,"17,603.78"
319,2020.03.26 21:00,sell,160,0.1,1.82175,0,0,,
320,2020.03.27 02:37,close,160,0.1,1.8143,0,0,48.77,"17,652.55"
321,2020.03.27 03:00,sell,161,0.1,1.81209,0,0,,
322,2020.03.27 08:29,sell,162,0.1,1.819,0,0,,
323,2020.03.27 11:54,close,161,0.1,1.80819,0,0,25.53,"17,678.08"
324,2020.03.27 11:54,close,162,0.1,1.80819,0,0,70.76,"17,748.84"
325,2020.03.27 12:00,buy,163,0.1,1.81017,0,0,,
326,2020.03.27 13:00,close,163,0.1,1.81749,0,0,47.91,"17,796.75"
327,2020.03.27 14:00,buy,164,0.1,1.82368,0,0,,
328,2020.03.27 14:27,buy,165,0.1,1.81672,0,0,,
329,2020.03.27 16:47,buy,166,0.1,1.80977,0,0,,
330,2020.03.27 16:56,buy,167,0.1,1.80285,0,0,,
331,2020.03.27 18:51,buy,168,0.1,1.79584,0,0,,
332,2020.03.30 14:27,buy,169,0.1,1.78868,0,0,,
333,2020.03.31 03:38,buy,170,0.1,1.78177,0,0,,
334,2020.03.31 06:58,buy,171,0.1,1.77498,0,0,,
335,2020.04.01 07:15,close,164,0.1,1.80665,0,0,-114.48,"17,682.27"
336,2020.04.01 07:15,close,165,0.1,1.80665,0,0,-68.92,"17,613.35"
337,2020.04.01 07:15,close,166,0.1,1.80665,0,0,-23.43,"17,589.92"
338,2020.04.01 07:15,close,167,0.1,1.80665,0,0,21.87,"17,611.79"
339,2020.04.01 07:15,close,168,0.1,1.80665,0,0,67.75,"17,679.54"
340,2020.04.01 07:15,close,169,0.1,1.80665,0,0,115.62,"17,795.16"
341,2020.04.01 07:15,close,170,0.1,1.80665,0,0,161.85,"17,957.01"
342,2020.04.01 07:15,close,171,0.1,1.80665,0,0,206.3,"18,163.31"
343,2020.04.07 01:00,buy,172,0.1,1.76554,0,0,,
344,2020.04.07 07:19,buy,173,0.1,1.75879,0,0,,
345,2020.04.08 00:51,close,172,0.1,1.76929,0,0,23.55,"18,186.85"
346,2020.04.08 00:51,close,173,0.1,1.76929,0,0,67.73,"18,254.58"
347,2020.04.09 15:00,buy,174,0.1,1.73498,0,0,,
348,2020.04.09 18:31,buy,175,0.1,1.72793,0,0,,
349,2020.04.09 18:31,buy,176,0.1,1.72132,0,0,,
350,2020.04.13 13:32,buy,177,0.1,1.71475,0,0,,
351,2020.04.13 16:50,buy,178,0.1,1.70822,0,0,,
352,2020.04.14 02:55,buy,179,0.1,1.70171,0,0,,
353,2020.04.15 08:02,close,174,0.1,1.72507,0,0,-68.88,"18,185.70"
354,2020.04.15 08:02,close,175,0.1,1.72507,0,0,-22.73,"18,162.96"
355,2020.04.15 08:02,close,176,0.1,1.72507,0,0,20.54,"18,183.50"
356,2020.04.15 08:02,close,177,0.1,1.72507,0,0,65.54,"18,249.05"
357,2020.04.15 08:02,close,178,0.1,1.72507,0,0,108.28,"18,357.33"
358,2020.04.15 08:02,close,179,0.1,1.72507,0,0,151.91,"18,509.24"
359,2020.04.23 13:00,buy,180,0.1,1.69472,0,0,,
360,2020.04.24 08:24,buy,181,0.1,1.68824,0,0,,
361,2020.04.27 03:19,buy,182,0.1,1.68175,0,0,,
362,2020.04.27 17:15,buy,183,0.1,1.67536,0,0,,
363,2020.04.28 16:02,buy,184,0.1,1.66899,0,0,,
364,2020.04.29 02:33,buy,185,0.1,1.66265,0,0,,
365,2020.04.30 05:07,buy,186,0.1,1.65633,0,0,,
366,2020.04.30 21:01,close,180,0.1,1.68217,0,0,-89.18,"18,420.05"
367,2020.04.30 21:01,close,181,0.1,1.68217,0,0,-45.76,"18,374.29"
368,2020.04.30 21:01,close,182,0.1,1.68217,0,0,-2.28,"18,372.02"
369,2020.04.30 21:01,close,183,0.1,1.68217,0,0,39.55,"18,411.57"
370,2020.04.30 21:01,close,184,0.1,1.68217,0,0,82.26,"18,493.83"
371,2020.04.30 21:01,close,185,0.1,1.68217,0,0,124.76,"18,618.59"
372,2020.04.30 21:01,close,186,0.1,1.68217,0,0,169.14,"18,787.73"
373,2020.05.01 02:00,sell,187,0.1,1.68851,0,0,,
374,2020.05.01 04:16,sell,188,0.1,1.69494,0,0,,
375,2020.05.01 09:06,sell,189,0.1,1.70139,0,0,,
376,2020.05.01 15:18,sell,190,0.1,1.70787,0,0,,
377,2020.05.03 23:36,sell,191,0.1,1.71438,0,0,,
378,2020.05.04 20:58,close,187,0.1,1.69459,0,0,-39.8,"18,747.93"
379,2020.05.04 20:58,close,188,0.1,1.69459,0,0,2.29,"18,750.22"
380,2020.05.04 20:58,close,189,0.1,1.69459,0,0,44.52,"18,794.74"
381,2020.05.04 20:58,close,190,0.1,1.69459,0,0,86.94,"18,881.68"
382,2020.05.04 20:58,close,191,0.1,1.69459,0,0,129.56,"19,011.24"
383,2020.05.04 21:00,sell,192,0.1,1.69427,0,0,,
384,2020.05.05 10:05,close,192,0.1,1.68746,0,0,44.59,"19,055.83"
385,2020.05.05 12:00,buy,193,0.1,1.68205,0,0,,
386,2020.05.06 23:28,close,193,0.1,1.68878,0,0,43.05,"19,098.88"
387,2020.05.11 03:00,buy,194,0.1,1.65526,0,0,,
388,2020.05.11 09:47,close,194,0.1,1.66191,0,0,43.54,"19,142.42"
389,2020.06.01 16:00,buy,195,0.1,1.64108,0,0,,
390,2020.06.01 22:11,buy,196,0.1,1.63482,0,0,,
391,2020.06.02 10:47,buy,197,0.1,1.6286,0,0,,
392,2020.06.02 15:59,buy,198,0.1,1.62239,0,0,,
393,2020.06.03 00:42,buy,199,0.1,1.61619,0,0,,
394,2020.06.03 01:45,buy,200,0.1,1.61005,0,0,,
395,2020.06.03 02:24,buy,201,0.1,1.60377,0,0,,
396,2020.06.03 11:56,close,195,0.1,1.62891,0,0,-81.68,"19,060.74"
397,2020.06.03 11:56,close,196,0.1,1.62891,0,0,-40.7,"19,020.04"
398,2020.06.03 11:56,close,197,0.1,1.62891,0,0,1.03,"19,021.07"
399,2020.06.03 11:56,close,198,0.1,1.62891,0,0,41.69,"19,062.76"
400,2020.06.03 11:56,close,199,0.1,1.62891,0,0,83.28,"19,146.04"
401,2020.06.03 11:56,close,200,0.1,1.62891,0,0,123.48,"19,269.52"
402,2020.06.03 11:56,close,201,0.1,1.62891,0,0,164.59,"19,434.11"
403,2020.06.03 16:00,buy,202,0.1,1.61815,0,0,,
404,2020.06.04 01:17,close,202,0.1,1.62468,0,0,39.74,"19,473.85"
405,2020.06.11 18:00,sell,203,0.1,1.65272,0,0,,
406,2020.06.12 08:11,close,203,0.1,1.6461,0,0,43.35,"19,517.20"
407,2020.06.12 09:00,sell,204,0.1,1.64322,0,0,,
408,2020.06.15 01:41,sell,205,0.1,1.64946,0,0,,
409,2020.06.15 06:59,sell,206,0.1,1.65575,0,0,,
410,2020.06.15 14:54,close,204,0.1,1.64284,0,0,2.49,"19,519.69"
411,2020.06.15 14:54,close,205,0.1,1.64284,0,0,43.34,"19,563.03"
412,2020.06.15 14:54,close,206,0.1,1.64284,0,0,84.53,"19,647.56"
413,2021.02.26 11:00,sell,207,0.1,1.55957,0,0,,
414,2021.02.26 15:56,sell,208,0.1,1.56552,0,0,,
415,2021.03.01 07:12,close,207,0.1,1.55629,0,0,21.47,"19,669.03"
416,2021.03.01 07:12,close,208,0.1,1.55629,0,0,60.43,"19,729.46"
417,2021.03.01 08:00,sell,209,0.1,1.55744,0,0,,
418,2021.03.01 15:07,close,209,0.1,1.55121,0,0,40.79,"19,770.25"
419,2021.03.01 16:00,sell,210,0.1,1.54815,0,0,,
420,2021.03.02 11:42,close,210,0.1,1.54189,0,0,40.99,"19,811.24"
421,2021.07.08 13:00,sell,211,0.1,1.59417,0,0,,
422,2021.07.09 13:06,close,211,0.1,1.58777,0,0,41.9,"19,853.14"
423,2021.11.26 16:00,sell,212,0.1,1.58784,0,0,,
424,2021.11.28 23:12,close,212,0.1,1.58146,0,0,41.77,"19,894.91"
425,2021.11.29 00:00,sell,213,0.1,1.58091,0,0,,
426,2021.11.30 05:17,sell,214,0.1,1.5869,0,0,,
427,2021.11.30 06:01,sell,215,0.1,1.59291,0,0,,
428,2021.12.01 04:56,close,213,0.1,1.58055,0,0,2.36,"19,897.27"
429,2021.12.01 04:56,close,214,0.1,1.58055,0,0,41.57,"19,938.84"
430,2021.12.01 04:56,close,215,0.1,1.58055,0,0,80.92,"20,019.76"
431,2021.12.07 13:00,buy,216,0.1,1.58375,0,0,,
432,2021.12.09 06:14,buy,217,0.1,1.57775,0,0,,
433,2021.12.14 02:22,close,216,0.1,1.58711,0,0,14.97,"20,034.73"
434,2021.12.14 02:22,close,217,0.1,1.58711,0,0,58.26,"20,092.99"
435,2022.01.24 17:00,sell,218,0.1,1.59253,0,0,,
436,2022.01.24 20:31,close,218,0.1,1.58614,0,0,41.83,"20,134.82"
437,2022.01.24 21:00,sell,219,0.1,1.58527,0,0,,
438,2022.01.25 00:30,close,219,0.1,1.57733,0,0,51.97,"20,186.79"
439,2022.02.04 08:00,sell,220,0.1,1.61149,0,0,,
440,2022.02.04 11:23,sell,221,0.1,1.61761,0,0,,
441,2022.02.07 14:35,close,220,0.1,1.60809,0,0,22.26,"20,209.05"
442,2022.02.07 14:35,close,221,0.1,1.60809,0,0,62.33,"20,271.38"
443,2022.03.04 06:00,buy,222,0.1,1.49973,0,0,,
444,2022.03.04 08:21,buy,223,0.1,1.49407,0,0,,
445,2022.03.04 13:09,buy,224,0.1,1.48842,0,0,,
446,2022.03.04 16:57,buy,225,0.1,1.48277,0,0,,
447,2022.03.06 23:12,buy,226,0.1,1.47717,0,0,,
448,2022.03.06 23:34,buy,227,0.1,1.47155,0,0,,
449,2022.03.07 01:10,buy,228,0.1,1.46596,0,0,,
450,2022.03.07 01:46,buy,229,0.1,1.46039,0,0,,
451,2022.03.07 17:22,close,222,0.1,1.48594,0,0,-91.28,"20,180.09"
452,2022.03.07 17:22,close,223,0.1,1.48594,0,0,-54.23,"20,125.86"
453,2022.03.07 17:22,close,224,0.1,1.48594,0,0,-17.24,"20,108.62"
454,2022.03.07 17:22,close,225,0.1,1.48594,0,0,19.75,"20,128.36"
455,2022.03.07 17:22,close,226,0.1,1.48594,0,0,56.42,"20,184.78"
456,2022.03.07 17:22,close,227,0.1,1.48594,0,0,93.21,"20,277.99"
457,2022.03.07 17:22,close,228,0.1,1.48594,0,0,130.81,"20,408.80"
458,2022.03.07 17:22,close,229,0.1,1.48594,0,0,167.28,"20,576.08"
459,2022.03.08 06:00,sell,230,0.1,1.49087,0,0,,
460,2022.03.08 08:15,sell,231,0.1,1.49653,0,0,,
461,2022.03.08 17:31,sell,232,0.1,1.5022,0,0,,
462,2022.03.09 15:46,sell,233,0.1,1.5079,0,0,,
463,2022.03.09 16:30,sell,234,0.1,1.5136,0,0,,
464,2022.03.10 15:25,close,230,0.1,1.49621,0,0,-34.96,"20,541.12"
465,2022.03.10 15:25,close,231,0.1,1.49621,0,0,2.1,"20,543.22"
466,2022.03.10 15:25,close,232,0.1,1.49621,0,0,39.22,"20,582.44"
467,2022.03.10 15:25,close,233,0.1,1.49621,0,0,76.55,"20,658.99"
468,2022.03.10 15:25,close,234,0.1,1.49621,0,0,113.87,"20,772.86"
469,2022.03.14 19:00,sell,235,0.1,1.52406,0,0,,
470,2022.03.15 06:45,sell,236,0.1,1.52982,0,0,,
471,2022.03.15 15:37,close,235,0.1,1.52078,0,0,21.48,"20,794.34"
472,2022.03.15 15:37,close,236,0.1,1.52078,0,0,59.19,"20,853.53"
473,2022.03.15 16:00,sell,237,0.1,1.52183,0,0,,
474,2022.03.16 13:49,close,237,0.1,1.51573,0,0,39.94,"20,893.47"
475,2022.03.29 14:00,sell,238,0.1,1.48509,0,0,,
476,2022.03.29 15:42,close,238,0.1,1.47913,0,0,39.02,"20,932.49"
477,2022.03.29 16:00,sell,239,0.1,1.47926,0,0,,
478,2022.03.30 10:00,sell,240,0.1,1.48484,0,0,,
479,2022.03.31 04:26,sell,241,0.1,1.49045,0,0,,
480,2022.03.31 14:13,close,239,0.1,1.47888,0,0,2.49,"20,934.98"
481,2022.03.31 14:13,close,240,0.1,1.47888,0,0,39.03,"20,974.01"
482,2022.03.31 14:13,close,241,0.1,1.47888,0,0,75.76,"21,049.77"
483,2022.04.05 06:00,buy,242,0.1,1.44313,0,0,,
484,2022.04.05 08:19,buy,243,0.1,1.43769,0,0,,
485,2022.04.06 15:42,close,242,0.1,1.44618,0,0,18.97,"21,068.73"
486,2022.04.06 15:42,close,243,0.1,1.44618,0,0,54.58,"21,123.31"
487,2022.04.22 15:00,sell,244,0.1,1.48561,0,0,,
488,2022.04.22 19:52,sell,245,0.1,1.49122,0,0,,
489,2022.04.25 01:49,sell,246,0.1,1.49688,0,0,,
490,2022.04.25 02:50,sell,247,0.1,1.50253,0,0,,
491,2022.04.26 04:01,close,244,0.1,1.48803,0,0,-15.85,"21,107.46"
492,2022.04.26 04:01,close,245,0.1,1.48803,0,0,20.89,"21,128.35"
493,2022.04.26 04:01,close,246,0.1,1.48803,0,0,57.95,"21,186.30"
494,2022.04.26 04:01,close,247,0.1,1.48803,0,0,94.95,"21,281.25"
495,2022.05.06 12:00,sell,248,0.1,1.4912,0,0,,
496,2022.05.06 13:37,close,248,0.1,1.4852,0,0,39.29,"21,320.54"
497,2022.05.06 14:00,sell,249,0.1,1.49107,0,0,,
498,2022.05.06 14:47,sell,250,0.1,1.49672,0,0,,
499,2022.05.09 09:45,sell,251,0.1,1.50253,0,0,,
500,2022.05.09 12:23,sell,252,0.1,1.50822,0,0,,
501,2022.05.09 18:09,sell,253,0.1,1.51394,0,0,,
502,2022.05.09 20:49,sell,254,0.1,1.51966,0,0,,
503,2022.05.10 01:58,sell,255,0.1,1.52542,0,0,,
504,2022.05.11 14:42,close,249,0.1,1.50214,0,0,-72.5,"21,248.04"
505,2022.05.11 14:42,close,250,0.1,1.50214,0,0,-35.5,"21,212.54"
506,2022.05.11 14:42,close,251,0.1,1.50214,0,0,2.55,"21,215.09"
507,2022.05.11 14:42,close,252,0.1,1.50214,0,0,39.81,"21,254.90"
508,2022.05.11 14:42,close,253,0.1,1.50214,0,0,77.27,"21,332.17"
509,2022.05.11 14:42,close,254,0.1,1.50214,0,0,114.74,"21,446.91"
510,2022.05.11 14:42,close,255,0.1,1.50214,0,0,152.46,"21,599.37"
511,2022.06.14 13:00,sell,256,0.1,1.51698,0,0,,
512,2022.06.14 15:47,close,256,0.1,1.51088,0,0,39.95,"21,639.32"
513,2022.09.01 03:00,sell,257,0.1,1.47162,0,0,,
514,2022.09.01 06:58,close,257,0.1,1.46573,0,0,38.58,"21,677.90"
515,2022.09.01 07:00,sell,258,0.1,1.46586,0,0,,
516,2022.09.01 15:25,close,258,0.1,1.45998,0,0,38.5,"21,716.40"
517,2022.09.30 16:00,sell,259,0.1,1.52356,0,0,,
518,2022.09.30 19:48,sell,260,0.1,1.52936,0,0,,
519,2022.10.03 10:24,close,259,0.1,1.52035,0,0,21.03,"21,737.43"
520,2022.10.03 10:24,close,260,0.1,1.52035,0,0,59.02,"21,796.45"
521,2022.10.03 11:00,sell,261,0.1,1.51488,0,0,,
522,2022.10.03 14:03,close,261,0.1,1.50882,0,0,39.69,"21,836.14"
523,2022.10.04 17:00,sell,262,0.1,1.53664,0,0,,
524,2022.10.05 15:40,close,262,0.1,1.53047,0,0,40.41,"21,876.55"
525,2022.12.15 15:00,sell,263,0.1,1.58579,0,0,,
526,2022.12.18 22:04,close,263,0.1,1.57809,0,0,50.42,"21,926.97"
527,2022.12.18 23:00,sell,264,0.1,1.58099,0,0,,
528,2022.12.20 03:31,sell,265,0.1,1.58698,0,0,,
529,2022.12.20 04:14,sell,266,0.1,1.59301,0,0,,
530,2022.12.21 15:23,close,264,0.1,1.58064,0,0,2.29,"21,929.26"
531,2022.12.21 15:23,close,265,0.1,1.58064,0,0,41.51,"21,970.77"
532,2022.12.21 15:23,close,266,0.1,1.58064,0,0,81,"22,051.77"
533,2023.01.19 10:00,sell,267,0.1,1.57241,0,0,,
534,2023.01.19 13:55,close,267,0.1,1.56612,0,0,41.19,"22,092.96"
535,2023.01.19 14:00,sell,268,0.1,1.5655,0,0,,
536,2023.01.20 14:27,close,268,0.1,1.55923,0,0,41.06,"22,134.02"
537,2023.03.07 16:00,sell,269,0.1,1.60212,0,0,,
538,2023.03.08 09:58,close,269,0.1,1.59569,0,0,42.1,"22,176.12"
539,2023.04.05 11:00,sell,270,0.1,1.63712,0,0,,
540,2023.04.05 13:15,close,270,0.1,1.63054,0,0,43.08,"22,219.20"
541,2023.04.05 14:00,sell,271,0.1,1.63287,0,0,,
542,2023.04.05 15:53,close,271,0.1,1.62633,0,0,42.81,"22,262.01"
543,2023.05.02 13:00,buy,272,0.1,1.63691,0,0,,
544,2023.05.02 15:31,close,272,0.1,1.64346,0,0,42.89,"22,304.90"
545,2023.05.05 15:00,buy,273,0.1,1.6329,0,0,,
546,2023.05.08 10:00,buy,274,0.1,1.6267,0,0,,
547,2023.05.09 01:17,buy,275,0.1,1.62053,0,0,,
548,2023.05.10 13:51,buy,276,0.1,1.61433,0,0,,
549,2023.05.11 15:23,close,273,0.1,1.63011,0,0,-24.28,"22,280.62"
550,2023.05.11 15:23,close,274,0.1,1.63011,0,0,17.31,"22,297.93"
551,2023.05.11 15:23,close,275,0.1,1.63011,0,0,58.72,"22,356.65"
552,2023.05.11 15:23,close,276,0.1,1.63011,0,0,100.31,"22,456.96"
553,2023.08.02 06:00,sell,277,0.1,1.66853,0,0,,
554,2023.08.03 09:45,sell,278,0.1,1.67487,0,0,,
555,2023.08.04 02:44,close,277,0.1,1.66493,0,0,23.58,"22,480.54"
556,2023.08.04 02:44,close,278,0.1,1.66493,0,0,65.1,"22,545.64"
557,2024.08.05 02:00,sell,279,0.1,1.68185,0,0,,
558,2024.08.05 06:38,sell,280,0.1,1.68826,0,0,,
559,2024.08.05 06:53,sell,281,0.1,1.69469,0,0,,
560,2024.08.05 07:00,sell,282,0.1,1.70148,0,0,,
561,2024.08.05 07:02,sell,283,0.1,1.70804,0,0,,
562,2024.08.05 07:03,sell,284,0.1,1.71461,0,0,,
563,2024.08.05 14:45,close,279,0.1,1.69124,0,0,-61.49,"22,484.15"
564,2024.08.05 14:45,close,280,0.1,1.69124,0,0,-19.52,"22,464.63"
565,2024.08.05 14:45,close,281,0.1,1.69124,0,0,22.59,"22,487.22"
566,2024.08.05 14:45,close,282,0.1,1.69124,0,0,67.05,"22,554.27"
567,2024.08.05 14:45,close,283,0.1,1.69124,0,0,110.01,"22,664.28"
568,2024.08.05 14:45,close,284,0.1,1.69124,0,0,153.03,"22,817.31"
569,2024.08.05 15:00,sell,285,0.1,1.68891,0,0,,
570,2024.08.05 15:55,sell,286,0.1,1.69534,0,0,,
571,2024.08.05 18:24,close,285,0.1,1.68531,0,0,23.58,"22,840.89"
572,2024.08.05 18:24,close,286,0.1,1.68531,0,0,65.68,"22,906.57"
573,2024.08.05 19:00,sell,287,0.1,1.68696,0,0,,
574,2024.08.06 00:31,close,287,0.1,1.6802,0,0,44.27,"22,950.84"
575,2024.08.06 01:00,sell,288,0.1,1.68054,0,0,,
576,2024.08.06 05:15,sell,289,0.1,1.68694,0,0,,
577,2024.08.06 15:21,close,288,0.1,1.677,0,0,23.18,"22,974.02"
578,2024.08.06 15:21,close,289,0.1,1.677,0,0,65.1,"23,039.12"
579,2024.08.06 18:00,buy,290,0.1,1.67242,0,0,,
580,2024.08.07 02:46,buy,291,0.1,1.66603,0,0,,
581,2024.08.07 19:51,close,290,0.1,1.67591,0,0,21.86,"23,060.98"
582,2024.08.07 19:51,close,291,0.1,1.67591,0,0,64.7,"23,125.68"
583,2025.04.03 22:05,sell,292,0.1,1.7442,0,0,,
584,2025.04.04 02:33,sell,293,0.1,1.75084,0,0,,
585,2025.04.04 03:20,sell,294,0.1,1.75751,0,0,,
586,2025.04.04 03:57,sell,295,0.1,1.76422,0,0,,
587,2025.04.04 04:31,sell,296,0.1,1.77094,0,0,,
588,2025.04.04 05:17,sell,297,0.1,1.77769,0,0,,
589,2025.04.04 11:29,sell,298,0.1,1.78451,0,0,,
590,2025.04.04 11:52,sell,299,0.1,1.79132,0,0,,
591,2025.04.04 12:08,sell,300,0.1,1.79816,0,0,,
592,2025.04.04 12:13,sell,301,0.1,1.80527,0,0,,
593,2025.04.23 15:00,close,292,0.1,1.76714,0,0,-150.22,"22,975.46"
594,2025.04.23 15:00,close,293,0.1,1.76714,0,0,-106.74,"22,868.72"
595,2025.04.23 15:00,close,294,0.1,1.76714,0,0,-63.06,"22,805.66"
596,2025.04.23 15:00,close,295,0.1,1.76714,0,0,-19.12,"22,786.54"
597,2025.04.23 15:00,close,296,0.1,1.76714,0,0,24.88,"22,811.42"
598,2025.04.23 15:00,close,297,0.1,1.76714,0,0,69.08,"22,880.50"
599,2025.04.23 15:00,close,298,0.1,1.76714,0,0,113.74,"22,994.24"
600,2025.04.23 15:00,close,299,0.1,1.76714,0,0,158.33,"23,152.57"
601,2025.04.23 15:00,close,300,0.1,1.76714,0,0,203.12,"23,355.69"
602,2025.04.23 15:00,close,301,0.1,1.76714,0,0,249.68,"23,605.37"