max drawdwon,3566,,,,,,,,
,,,,,,,,,
#,Time,Type,Order,Size,Price,S / L,T / P,Profit,Balance
1,2020.01.09 16:00,sell,1,0.1,1.30968,0,0,,
2,2020.01.10 13:30,close,1,0.1,1.30441,0,0,38.44,"10,038.44"
3,2020.02.03 17:00,sell,2,0.1,1.32955,0,0,,
4,2020.02.07 08:32,sell,3,0.1,1.33067,0,0,,
5,2020.02.07 12:43,sell,4,0.1,1.33176,0,0,,
6,2020.02.12 16:34,close,2,0.1,1.3253,0,0,26.18,"10,064.62"
7,2020.02.12 16:34,close,3,0.1,1.3253,0,0,38.56,"10,103.17"
8,2020.02.12 16:34,close,4,0.1,1.3253,0,0,46.78,"10,149.95"
9,2020.03.08 23:00,sell,5,0.1,1.35895,0,0,,
10,2020.03.09 02:45,sell,6,0.1,1.36588,0,0,,
11,2020.03.09 02:50,sell,7,0.1,1.37285,0,0,,
12,2020.03.09 09:49,close,5,0.1,1.36036,0,0,-11.01,"10,138.93"
13,2020.03.09 09:49,close,6,0.1,1.36036,0,0,40.58,"10,179.51"
14,2020.03.09 09:49,close,7,0.1,1.36036,0,0,91.81,"10,271.32"
15,2020.03.10 16:00,sell,8,0.1,1.37458,0,0,,
16,2020.03.11 09:45,close,8,0.1,1.36908,0,0,39.52,"10,310.84"
17,2020.03.12 17:00,sell,9,0.1,1.38715,0,0,,
18,2020.03.12 17:50,close,9,0.1,1.38159,0,0,40.24,"10,351.08"
19,2020.03.17 13:00,sell,10,0.1,1.41383,0,0,,
20,2020.03.17 17:34,sell,11,0.1,1.42123,0,0,,
21,2020.03.18 09:49,sell,12,0.1,1.42727,0,0,,
22,2020.03.18 10:26,sell,13,0.1,1.43343,0,0,,
23,2020.03.18 13:20,sell,14,0.1,1.43963,0,0,,
24,2020.03.18 14:27,sell,15,0.1,1.44649,0,0,,
25,2020.03.18 17:56,sell,16,0.1,1.45667,0,0,,
26,2020.03.20 08:24,close,10,0.1,1.42833,0,0,-104.79,"10,246.29"
27,2020.03.20 08:24,close,11,0.1,1.42833,0,0,-52.98,"10,193.31"
28,2020.03.20 08:24,close,12,0.1,1.42833,0,0,-10.04,"10,183.27"
29,2020.03.20 08:24,close,13,0.1,1.42833,0,0,33.09,"10,216.36"
30,2020.03.20 08:24,close,14,0.1,1.42833,0,0,76.49,"10,292.85"
31,2020.03.20 08:24,close,15,0.1,1.42833,0,0,124.52,"10,417.37"
32,2020.03.20 08:24,close,16,0.1,1.42833,0,0,195.79,"10,613.17"
33,2020.04.09 16:00,buy,17,0.1,1.39479,0,0,,
34,2020.04.09 19:34,close,17,0.1,1.40037,0,0,39.85,"10,653.02"
35,2020.04.12 22:00,buy,18,0.1,1.39259,0,0,,
36,2020.04.12 23:12,close,18,0.1,1.39818,0,0,39.98,"10,693.00"
37,2020.04.13 19:00,buy,19,0.1,1.38806,0,0,,
38,2020.04.15 07:12,close,19,0.1,1.39364,0,0,40.04,"10,733.04"
39,2020.04.23 16:00,buy,20,0.1,1.40204,0,0,,
40,2020.04.23 18:26,close,20,0.1,1.40766,0,0,39.92,"10,772.96"
41,2020.04.28 11:00,buy,21,0.1,1.39567,0,0,,
42,2020.04.29 14:50,buy,22,0.1,1.39182,0,0,,
43,2020.04.30 00:34,buy,23,0.1,1.38774,0,0,,
44,2020.05.01 01:30,close,21,0.1,1.39733,0,0,11.88,"10,784.84"
45,2020.05.01 01:30,close,22,0.1,1.39733,0,0,39.43,"10,824.27"
46,2020.05.01 01:30,close,23,0.1,1.39733,0,0,68.63,"10,892.90"
47,2020.06.26 15:00,sell,24,0.1,1.36941,0,0,,
48,2020.06.30 15:43,close,24,0.1,1.36393,0,0,38.87,"10,931.77"
49,2020.08.31 16:00,buy,25,0.1,1.30292,0,0,,
50,2020.09.01 07:00,buy,26,0.1,1.30033,0,0,,
51,2020.09.01 15:42,close,25,0.1,1.30685,0,0,30.07,"10,961.84"
52,2020.09.01 15:42,close,26,0.1,1.30685,0,0,49.89,"11,011.73"
53,2020.10.09 14:00,buy,27,0.1,1.31363,0,0,,
54,2020.10.12 14:19,buy,28,0.1,1.3117,0,0,,
55,2020.10.15 09:29,close,27,0.1,1.31793,0,0,32.63,"11,044.36"
56,2020.10.15 09:29,close,28,0.1,1.31793,0,0,47.27,"11,091.63"
57,2020.10.29 13:00,sell,29,0.1,1.33641,0,0,,
58,2020.10.29 20:53,close,29,0.1,1.33105,0,0,40.27,"11,131.90"
59,2020.11.05 13:00,buy,30,0.1,1.30656,0,0,,
60,2020.11.06 15:53,buy,31,0.1,1.30261,0,0,,
61,2020.11.09 11:46,buy,32,0.1,1.2999,0,0,,
62,2020.11.09 11:52,buy,33,0.1,1.2971,0,0,,
63,2020.11.09 14:16,buy,34,0.1,1.29317,0,0,,
64,2020.11.10 13:37,close,30,0.1,1.30507,0,0,-11.42,"11,120.48"
65,2020.11.10 13:37,close,31,0.1,1.30507,0,0,18.85,"11,139.33"
66,2020.11.10 13:37,close,32,0.1,1.30507,0,0,39.61,"11,178.94"
67,2020.11.10 13:37,close,33,0.1,1.30507,0,0,61.07,"11,240.01"
68,2020.11.10 13:37,close,34,0.1,1.30507,0,0,91.18,"11,331.19"
69,2020.11.12 15:00,sell,35,0.1,1.31352,0,0,,
70,2020.11.13 06:00,sell,36,0.1,1.31631,0,0,,
71,2020.11.16 08:04,close,35,0.1,1.30965,0,0,26.93,"11,358.12"
72,2020.11.16 08:04,close,36,0.1,1.30965,0,0,50.2,"11,408.31"
73,2020.12.04 14:00,buy,37,0.1,1.28365,0,0,,
74,2020.12.04 14:42,buy,38,0.1,1.28121,0,0,,
75,2020.12.04 20:27,buy,39,0.1,1.2778,0,0,,
76,2020.12.10 13:06,buy,40,0.1,1.27573,0,0,,
77,2020.12.10 14:50,buy,41,0.1,1.2733,0,0,,
78,2020.12.15 18:10,buy,42,0.1,1.27064,0,0,,
79,2020.12.21 01:45,close,37,0.1,1.28221,0,0,-11.23,"11,397.08"
80,2020.12.21 01:45,close,38,0.1,1.28221,0,0,7.8,"11,404.88"
81,2020.12.21 01:45,close,39,0.1,1.28221,0,0,34.39,"11,439.27"
82,2020.12.21 01:45,close,40,0.1,1.28221,0,0,50.54,"11,489.81"
83,2020.12.21 01:45,close,41,0.1,1.28221,0,0,69.49,"11,559.30"
84,2020.12.21 01:45,close,42,0.1,1.28221,0,0,90.23,"11,649.53"
85,2021.01.14 17:00,buy,43,0.1,1.26357,0,0,,
86,2021.01.15 08:24,close,43,0.1,1.26864,0,0,39.96,"11,689.49"
87,2021.01.20 16:00,buy,44,0.1,1.26274,0,0,,
88,2021.01.21 13:45,buy,45,0.1,1.26039,0,0,,
89,2021.01.22 02:17,close,44,0.1,1.26662,0,0,30.63,"11,720.12"
90,2021.01.22 02:17,close,45,0.1,1.26662,0,0,49.19,"11,769.31"
91,2021.03.04 17:00,buy,46,0.1,1.25857,0,0,,
92,2021.03.04 17:46,close,46,0.1,1.26362,0,0,39.96,"11,809.27"
93,2021.03.25 16:00,sell,47,0.1,1.26177,0,0,,
94,2021.03.26 13:38,close,47,0.1,1.25672,0,0,38.22,"11,847.49"
95,2021.04.26 16:00,buy,48,0.1,1.23927,0,0,,
96,2021.04.28 15:19,buy,49,0.1,1.23733,0,0,,
97,2021.04.28 17:36,buy,50,0.1,1.23488,0,0,,
98,2021.04.28 19:37,buy,51,0.1,1.232,0,0,,
99,2021.04.29 08:21,buy,52,0.1,1.22947,0,0,,
100,2021.04.30 05:14,buy,53,0.1,1.22722,0,0,,
101,2021.05.06 09:14,buy,54,0.1,1.22506,0,0,,
102,2021.05.06 14:23,buy,55,0.1,1.22242,0,0,,
103,2021.05.06 14:51,buy,56,0.1,1.21984,0,0,,
104,2021.05.06 20:56,buy,57,0.1,1.21659,0,0,,
105,2021.06.17 11:18,close,48,0.1,1.23337,0,0,-47.84,"11,799.65"
106,2021.06.17 11:18,close,49,0.1,1.23337,0,0,-32.11,"11,767.54"
107,2021.06.17 11:18,close,50,0.1,1.23337,0,0,-12.24,"11,755.30"
108,2021.06.17 11:18,close,51,0.1,1.23337,0,0,11.11,"11,766.41"
109,2021.06.17 11:18,close,52,0.1,1.23337,0,0,31.62,"11,798.03"
110,2021.06.17 11:18,close,53,0.1,1.23337,0,0,49.86,"11,847.89"
111,2021.06.17 11:18,close,54,0.1,1.23337,0,0,67.38,"11,915.27"
112,2021.06.17 11:18,close,55,0.1,1.23337,0,0,88.78,"12,004.05"
113,2021.06.17 11:18,close,56,0.1,1.23337,0,0,109.7,"12,113.75"
114,2021.06.17 11:18,close,57,0.1,1.23337,0,0,136.05,"12,249.80"
115,2021.06.18 16:00,sell,58,0.1,1.24524,0,0,,
116,2021.06.21 14:19,close,58,0.1,1.24025,0,0,39.58,"12,289.38"
117,2021.06.25 15:00,buy,59,0.1,1.22752,0,0,,
118,2021.06.28 12:32,close,59,0.1,1.23245,0,0,40,"12,329.38"
119,2021.07.14 14:00,buy,60,0.1,1.24579,0,0,,
120,2021.07.14 15:00,buy,61,0.1,1.24273,0,0,,
121,2021.07.14 15:02,close,60,0.1,1.24926,0,0,27.78,"12,357.16"
122,2021.07.14 15:02,close,61,0.1,1.24926,0,0,52.27,"12,409.43"
123,2021.08.03 15:00,sell,62,0.1,1.25734,0,0,,
124,2021.08.04 04:08,close,62,0.1,1.25229,0,0,39.68,"12,449.10"
125,2021.08.24 16:00,buy,63,0.1,1.25861,0,0,,
126,2021.08.25 14:02,close,63,0.1,1.26369,0,0,40.2,"12,489.30"
127,2021.09.03 14:00,buy,64,0.1,1.25111,0,0,,
128,2021.09.07 09:03,close,64,0.1,1.25612,0,0,39.88,"12,529.18"
129,2021.09.17 16:00,sell,65,0.1,1.27504,0,0,,
130,2021.09.20 03:58,sell,66,0.1,1.27987,0,0,,
131,2021.09.20 10:43,sell,67,0.1,1.2836,0,0,,
132,2021.09.20 13:32,sell,68,0.1,1.2879,0,0,,
133,2021.09.21 05:57,close,65,0.1,1.27647,0,0,-12.51,"12,516.67"
134,2021.09.21 05:57,close,66,0.1,1.27647,0,0,25.99,"12,542.66"
135,2021.09.21 05:57,close,67,0.1,1.27647,0,0,55.21,"12,597.86"
136,2021.09.21 05:57,close,68,0.1,1.27647,0,0,88.89,"12,686.75"
137,2021.09.29 16:00,sell,69,0.1,1.27474,0,0,,
138,2021.09.30 15:27,close,69,0.1,1.26964,0,0,39.52,"12,726.26"
139,2021.10.04 15:00,buy,70,0.1,1.25693,0,0,,
140,2021.10.05 05:32,close,70,0.1,1.26196,0,0,39.86,"12,766.12"
141,2021.10.08 14:00,buy,71,0.1,1.25017,0,0,,
142,2021.10.08 15:40,buy,72,0.1,1.24708,0,0,,
143,2021.10.12 17:08,buy,73,0.1,1.24388,0,0,,
144,2021.10.14 07:00,buy,74,0.1,1.24224,0,0,,
145,2021.10.14 07:30,buy,75,0.1,1.24057,0,0,,
146,2021.10.14 09:52,buy,76,0.1,1.23879,0,0,,
147,2021.10.14 14:46,buy,77,0.1,1.23653,0,0,,
148,2021.10.15 07:54,buy,78,0.1,1.2347,0,0,,
149,2021.10.19 07:46,buy,79,0.1,1.23275,0,0,,
150,2021.10.21 03:13,buy,80,0.1,1.23001,0,0,,
151,2021.11.03 15:00,close,71,0.1,1.24464,0,0,-44.43,"12,721.69"
152,2021.11.03 15:00,close,72,0.1,1.24464,0,0,-19.6,"12,702.09"
153,2021.11.03 15:00,close,73,0.1,1.24464,0,0,6.11,"12,708.20"
154,2021.11.03 15:00,close,74,0.1,1.24464,0,0,19.28,"12,727.48"
155,2021.11.03 15:00,close,75,0.1,1.24464,0,0,32.7,"12,760.18"
156,2021.11.03 15:00,close,76,0.1,1.24464,0,0,47,"12,807.18"
157,2021.11.03 15:00,close,77,0.1,1.24464,0,0,65.16,"12,872.34"
158,2021.11.03 15:00,close,78,0.1,1.24464,0,0,79.86,"12,952.20"
159,2021.11.03 15:00,close,79,0.1,1.24464,0,0,95.53,"13,047.73"
160,2021.11.03 15:00,close,80,0.1,1.24464,0,0,117.54,"13,165.27"
161,2021.11.22 16:00,sell,81,0.1,1.26797,0,0,,
162,2021.11.23 02:17,sell,82,0.1,1.2708,0,0,,
163,2021.11.23 08:14,sell,83,0.1,1.27265,0,0,,
164,2021.11.24 16:48,close,81,0.1,1.26539,0,0,19.08,"13,184.36"
165,2021.11.24 16:48,close,82,0.1,1.26539,0,0,42.1,"13,226.45"
166,2021.11.24 16:48,close,83,0.1,1.26539,0,0,56.72,"13,283.17"
167,2021.12.31 16:00,buy,84,0.1,1.263,0,0,,
168,2022.01.03 03:33,close,84,0.1,1.26807,0,0,39.98,"13,323.15"
169,2022.01.07 16:00,buy,85,0.1,1.26758,0,0,,
170,2022.01.07 16:59,buy,86,0.1,1.26441,0,0,,
171,2022.01.10 09:19,buy,87,0.1,1.26214,0,0,,
172,2022.01.11 17:59,buy,88,0.1,1.25875,0,0,,
173,2022.01.12 02:23,buy,89,0.1,1.2554,0,0,,
174,2022.01.12 13:32,buy,90,0.1,1.25314,0,0,,
175,2022.01.12 16:42,buy,91,0.1,1.25021,0,0,,
176,2022.01.13 08:03,buy,92,0.1,1.2484,0,0,,
177,2022.01.13 13:56,buy,93,0.1,1.24637,0,0,,
178,2022.01.24 10:24,close,85,0.1,1.26132,0,0,-49.63,"13,273.52"
179,2022.01.24 10:24,close,86,0.1,1.26132,0,0,-24.5,"13,249.02"
180,2022.01.24 10:24,close,87,0.1,1.26132,0,0,-6.5,"13,242.52"
181,2022.01.24 10:24,close,88,0.1,1.26132,0,0,20.38,"13,262.90"
182,2022.01.24 10:24,close,89,0.1,1.26132,0,0,46.93,"13,309.83"
183,2022.01.24 10:24,close,90,0.1,1.26132,0,0,64.85,"13,374.68"
184,2022.01.24 10:24,close,91,0.1,1.26132,0,0,88.08,"13,462.76"
185,2022.01.24 10:24,close,92,0.1,1.26132,0,0,102.43,"13,565.19"
186,2022.01.24 10:24,close,93,0.1,1.26132,0,0,118.53,"13,683.72"
187,2022.02.02 13:00,buy,94,0.1,1.26584,0,0,,
188,2022.02.03 09:58,close,94,0.1,1.27091,0,0,39.89,"13,723.61"
189,2022.03.08 17:00,sell,95,0.1,1.28959,0,0,,
190,2022.03.09 08:18,close,95,0.1,1.28439,0,0,39.84,"13,763.44"
191,2022.03.11 14:00,buy,96,0.1,1.27178,0,0,,
192,2022.03.14 03:22,close,96,0.1,1.27688,0,0,39.94,"13,803.38"
193,2022.03.25 18:00,buy,97,0.1,1.24871,0,0,,
194,2022.03.28 14:42,close,97,0.1,1.25372,0,0,39.96,"13,843.34"
195,2022.03.30 15:00,buy,98,0.1,1.24462,0,0,,
196,2022.03.30 16:52,close,98,0.1,1.2496,0,0,39.85,"13,883.19"
197,2022.04.08 15:00,sell,99,0.1,1.26123,0,0,,
198,2022.04.12 00:48,sell,100,0.1,1.26432,0,0,,
199,2022.04.13 14:08,sell,101,0.1,1.26706,0,0,,
200,2022.04.13 17:09,close,99,0.1,1.25913,0,0,14.72,"13,897.91"
201,2022.04.13 17:09,close,100,0.1,1.25913,0,0,40.57,"13,938.47"
202,2022.04.13 17:09,close,101,0.1,1.25913,0,0,62.98,"14,001.45"
203,2022.05.04 20:00,buy,102,0.1,1.27518,0,0,,
204,2022.05.05 15:12,close,102,0.1,1.28029,0,0,39.91,"14,041.36"
205,2022.05.06 15:00,sell,103,0.1,1.28944,0,0,,
206,2022.05.09 04:43,sell,104,0.1,1.29389,0,0,,
207,2022.05.09 15:39,sell,105,0.1,1.29729,0,0,,
208,2022.05.10 01:14,sell,106,0.1,1.30201,0,0,,
209,2022.05.13 21:57,close,103,0.1,1.29044,0,0,-12.33,"14,029.03"
210,2022.05.13 21:57,close,104,0.1,1.29044,0,0,22.81,"14,051.85"
211,2022.05.13 21:57,close,105,0.1,1.29044,0,0,49.15,"14,101.00"
212,2022.05.13 21:57,close,106,0.1,1.29044,0,0,86.39,"14,187.39"
213,2022.06.02 16:00,buy,107,0.1,1.26031,0,0,,
214,2022.06.02 17:41,buy,108,0.1,1.25716,0,0,,
215,2022.06.06 13:12,buy,109,0.1,1.25525,0,0,,
216,2022.06.08 08:42,buy,110,0.1,1.25333,0,0,,
217,2022.06.09 15:09,close,107,0.1,1.26154,0,0,9.75,"14,197.14"
218,2022.06.09 15:09,close,108,0.1,1.26154,0,0,34.72,"14,231.86"
219,2022.06.09 15:09,close,109,0.1,1.26154,0,0,49.86,"14,281.72"
220,2022.06.09 15:09,close,110,0.1,1.26154,0,0,65.08,"14,346.80"
221,2022.06.09 17:00,sell,111,0.1,1.26497,0,0,,
222,2022.06.09 20:03,sell,112,0.1,1.26907,0,0,,
223,2022.06.10 09:27,sell,113,0.1,1.27107,0,0,,
224,2022.06.10 10:45,sell,114,0.1,1.27314,0,0,,
225,2022.06.10 12:41,sell,115,0.1,1.27533,0,0,,
226,2022.06.10 14:26,sell,116,0.1,1.27832,0,0,,
227,2022.06.13 05:32,sell,117,0.1,1.28164,0,0,,
228,2022.06.13 09:59,sell,118,0.1,1.28463,0,0,,
229,2022.06.13 21:43,sell,119,0.1,1.28989,0,0,,
230,2022.06.14 11:23,sell,120,0.1,1.29292,0,0,,
231,2022.08.11 15:16,close,111,0.1,1.27296,0,0,-104,"14,242.79"
232,2022.08.11 15:16,close,112,0.1,1.27296,0,0,-71.79,"14,171.00"
233,2022.08.11 15:16,close,113,0.1,1.27296,0,0,-54.12,"14,116.88"
234,2022.08.11 15:16,close,114,0.1,1.27296,0,0,-37.86,"14,079.02"
235,2022.08.11 15:16,close,115,0.1,1.27296,0,0,-20.65,"14,058.37"
236,2022.08.11 15:16,close,116,0.1,1.27296,0,0,2.84,"14,061.21"
237,2022.08.11 15:16,close,117,0.1,1.27296,0,0,29.57,"14,090.78"
238,2022.08.11 15:16,close,118,0.1,1.27296,0,0,53.06,"14,143.85"
239,2022.08.11 15:16,close,119,0.1,1.27296,0,0,94.38,"14,238.23"
240,2022.08.11 15:16,close,120,0.1,1.27296,0,0,118.84,"14,357.07"
241,2022.08.15 10:00,sell,121,0.1,1.28697,0,0,,
242,2022.08.15 10:32,sell,122,0.1,1.28987,0,0,,
243,2022.08.16 08:03,sell,123,0.1,1.29219,0,0,,
244,2022.08.16 19:04,close,121,0.1,1.28451,0,0,18.5,"14,375.57"
245,2022.08.16 19:04,close,122,0.1,1.28451,0,0,41.08,"14,416.64"
246,2022.08.16 19:04,close,123,0.1,1.28451,0,0,59.79,"14,476.43"
247,2022.08.22 15:00,sell,124,0.1,1.30382,0,0,,
248,2022.08.23 07:37,sell,125,0.1,1.30602,0,0,,
249,2022.08.23 14:45,close,124,0.1,1.29959,0,0,31.9,"14,508.33"
250,2022.08.23 14:45,close,125,0.1,1.29959,0,0,49.48,"14,557.81"
251,2022.08.30 15:00,sell,126,0.1,1.30536,0,0,,
252,2022.08.30 15:34,sell,127,0.1,1.30901,0,0,,
253,2022.08.31 10:13,sell,128,0.1,1.31135,0,0,,
254,2022.09.01 01:37,sell,129,0.1,1.31566,0,0,,
255,2022.09.01 09:39,sell,130,0.1,1.31841,0,0,,
256,2022.09.09 01:29,close,126,0.1,1.30671,0,0,-18.18,"14,539.62"
257,2022.09.09 01:29,close,127,0.1,1.30671,0,0,9.75,"14,549.37"
258,2022.09.09 01:29,close,128,0.1,1.30671,0,0,28.31,"14,577.68"
259,2022.09.09 01:29,close,129,0.1,1.30671,0,0,61.94,"14,639.63"
260,2022.09.09 01:29,close,130,0.1,1.30671,0,0,83,"14,722.62"
261,2022.09.21 21:00,sell,131,0.1,1.3446,0,0,,
262,2022.09.22 01:34,sell,132,0.1,1.35021,0,0,,
263,2022.09.22 09:43,close,131,0.1,1.34197,0,0,18.95,"14,741.57"
264,2022.09.22 09:43,close,132,0.1,1.34197,0,0,61.4,"14,802.97"
265,2022.10.13 14:00,sell,133,0.1,1.3923,0,0,,
266,2022.10.13 15:50,close,133,0.1,1.38671,0,0,40.31,"14,843.28"
267,2022.10.25 15:00,buy,134,0.1,1.36229,0,0,,
268,2022.10.26 07:12,buy,135,0.1,1.359,0,0,,
269,2022.10.26 08:42,buy,136,0.1,1.35576,0,0,,
270,2022.10.26 09:39,buy,137,0.1,1.35208,0,0,,
271,2022.10.26 15:00,close,134,0.1,1.36323,0,0,6.9,"14,850.18"
272,2022.10.26 15:00,close,135,0.1,1.36323,0,0,31.03,"14,881.21"
273,2022.10.26 15:00,close,136,0.1,1.36323,0,0,54.8,"14,936.01"
274,2022.10.26 15:00,close,137,0.1,1.36323,0,0,81.79,"15,017.80"
275,2022.11.02 21:00,sell,138,0.1,1.37027,0,0,,
276,2022.11.03 10:00,sell,139,0.1,1.37545,0,0,,
277,2022.11.03 13:00,sell,140,0.1,1.37963,0,0,,
278,2022.11.04 04:32,close,138,0.1,1.3696,0,0,2.27,"15,020.07"
279,2022.11.04 04:32,close,139,0.1,1.3696,0,0,40.75,"15,060.81"
280,2022.11.04 04:32,close,140,0.1,1.3696,0,0,71.27,"15,132.08"
281,2022.11.08 16:00,buy,141,0.1,1.34224,0,0,,
282,2022.11.09 15:37,close,141,0.1,1.34767,0,0,40.29,"15,172.37"
283,2022.11.18 15:00,sell,142,0.1,1.33898,0,0,,
284,2022.11.21 06:58,sell,143,0.1,1.3423,0,0,,
285,2022.11.21 14:44,sell,144,0.1,1.34556,0,0,,
286,2022.11.21 15:54,sell,145,0.1,1.34911,0,0,,
287,2022.11.22 11:29,close,142,0.1,1.3386,0,0,1.53,"15,173.90"
288,2022.11.22 11:29,close,143,0.1,1.3386,0,0,26.99,"15,200.89"
289,2022.11.22 11:29,close,144,0.1,1.3386,0,0,51.34,"15,252.22"
290,2022.11.22 11:29,close,145,0.1,1.3386,0,0,77.86,"15,330.08"
291,2022.11.28 02:00,sell,146,0.1,1.34638,0,0,,
292,2022.11.29 12:46,sell,147,0.1,1.35006,0,0,,
293,2022.11.29 13:42,sell,148,0.1,1.3547,0,0,,
294,2022.11.29 16:13,sell,149,0.1,1.36042,0,0,,
295,2022.11.30 19:04,close,146,0.1,1.34745,0,0,-9.25,"15,320.83"
296,2022.11.30 19:04,close,147,0.1,1.34745,0,0,18.72,"15,339.54"
297,2022.11.30 19:04,close,148,0.1,1.34745,0,0,53.16,"15,392.70"
298,2022.11.30 19:04,close,149,0.1,1.34745,0,0,95.61,"15,488.31"
299,2022.12.07 10:00,sell,150,0.1,1.36886,0,0,,
300,2022.12.07 14:01,close,150,0.1,1.36335,0,0,40.42,"15,528.73"
301,2022.12.09 09:00,sell,151,0.1,1.36331,0,0,,
302,2022.12.09 13:30,sell,152,0.1,1.36649,0,0,,
303,2022.12.13 12:57,close,151,0.1,1.35944,0,0,27.16,"15,555.89"
304,2022.12.13 12:57,close,152,0.1,1.35944,0,0,50.55,"15,606.44"
305,2022.12.13 14:00,buy,153,0.1,1.35426,0,0,,
306,2022.12.14 19:08,close,153,0.1,1.35968,0,0,39.86,"15,646.30"
307,2023.01.12 14:00,buy,154,0.1,1.33549,0,0,,
308,2023.01.12 14:43,close,154,0.1,1.34086,0,0,40.05,"15,686.35"
309,2023.01.18 18:00,sell,155,0.1,1.34762,0,0,,
310,2023.01.19 07:17,sell,156,0.1,1.3508,0,0,,
311,2023.01.20 15:22,close,155,0.1,1.34377,0,0,26.03,"15,712.38"
312,2023.01.20 15:22,close,156,0.1,1.34377,0,0,50.36,"15,762.74"
313,2023.03.07 16:00,sell,157,0.1,1.37226,0,0,,
314,2023.03.08 02:32,sell,158,0.1,1.376,0,0,,
315,2023.03.08 15:18,sell,159,0.1,1.37862,0,0,,
316,2023.03.09 09:58,sell,160,0.1,1.38058,0,0,,
317,2023.03.10 02:17,sell,161,0.1,1.38398,0,0,,
318,2023.03.13 03:33,close,157,0.1,1.37273,0,0,-7.35,"15,755.39"
319,2023.03.13 03:33,close,158,0.1,1.37273,0,0,20.55,"15,775.94"
320,2023.03.13 03:33,close,159,0.1,1.37273,0,0,39.64,"15,815.57"
321,2023.03.13 03:33,close,160,0.1,1.37273,0,0,54.57,"15,870.15"
322,2023.03.13 03:33,close,161,0.1,1.37273,0,0,81.3,"15,951.44"
323,2023.03.14 13:00,buy,162,0.1,1.36954,0,0,,
324,2023.03.15 12:08,close,162,0.1,1.37504,0,0,40,"15,991.44"
325,2023.05.10 14:00,buy,163,0.1,1.33412,0,0,,
326,2023.05.10 18:19,close,163,0.1,1.33947,0,0,39.94,"16,031.38"
327,2023.05.11 15:00,sell,164,0.1,1.34771,0,0,,
328,2023.05.12 07:00,sell,165,0.1,1.34923,0,0,,
329,2023.05.12 15:07,sell,166,0.1,1.35129,0,0,,
330,2023.05.12 16:29,sell,167,0.1,1.3538,0,0,,
331,2023.05.16 09:38,close,164,0.1,1.34509,0,0,16.21,"16,047.59"
332,2023.05.16 09:38,close,165,0.1,1.34509,0,0,29.47,"16,077.06"
333,2023.05.16 09:38,close,166,0.1,1.34509,0,0,44.78,"16,121.84"
334,2023.05.16 09:38,close,167,0.1,1.34509,0,0,63.44,"16,185.28"
335,2023.05.25 15:00,sell,168,0.1,1.36307,0,0,,
336,2023.05.30 02:26,close,168,0.1,1.35761,0,0,36.95,"16,222.23"
337,2023.06.01 16:00,buy,169,0.1,1.3509,0,0,,
338,2023.06.01 16:18,buy,170,0.1,1.34786,0,0,,
339,2023.06.01 16:51,buy,171,0.1,1.34481,0,0,,
340,2023.06.02 07:04,buy,172,0.1,1.34292,0,0,,
341,2023.06.02 09:56,buy,173,0.1,1.34103,0,0,,
342,2023.06.07 09:57,buy,174,0.1,1.33913,0,0,,
343,2023.06.07 15:00,buy,175,0.1,1.33436,0,0,,
344,2023.06.09 12:27,buy,176,0.1,1.33253,0,0,,
345,2023.06.13 15:48,buy,177,0.1,1.32995,0,0,,
346,2023.06.14 17:20,buy,178,0.1,1.32753,0,0,,
347,2023.08.08 10:53,close,169,0.1,1.34447,0,0,-47.83,"16,174.40"
348,2023.08.08 10:53,close,170,0.1,1.34447,0,0,-25.21,"16,149.19"
349,2023.08.08 10:53,close,171,0.1,1.34447,0,0,-2.53,"16,146.66"
350,2023.08.08 10:53,close,172,0.1,1.34447,0,0,11.53,"16,158.19"
351,2023.08.08 10:53,close,173,0.1,1.34447,0,0,25.59,"16,183.78"
352,2023.08.08 10:53,close,174,0.1,1.34447,0,0,39.72,"16,223.50"
353,2023.08.08 10:53,close,175,0.1,1.34447,0,0,75.2,"16,298.70"
354,2023.08.08 10:53,close,176,0.1,1.34447,0,0,88.81,"16,387.51"
355,2023.08.08 10:53,close,177,0.1,1.34447,0,0,108,"16,495.51"
356,2023.08.08 10:53,close,178,0.1,1.34447,0,0,126,"16,621.51"
357,2023.09.07 15:00,sell,179,0.1,1.36732,0,0,,
358,2023.09.08 13:35,close,179,0.1,1.36182,0,0,38.43,"16,659.94"
359,2023.09.13 16:00,buy,180,0.1,1.35304,0,0,,
360,2023.09.14 15:46,buy,181,0.1,1.35066,0,0,,
361,2023.09.18 14:06,buy,182,0.1,1.34891,0,0,,
362,2023.09.19 07:37,buy,183,0.1,1.3475,0,0,,
363,2023.09.19 08:40,buy,184,0.1,1.34613,0,0,,
364,2023.09.19 09:22,buy,185,0.1,1.3447,0,0,,
365,2023.09.19 12:34,buy,186,0.1,1.34299,0,0,,
366,2023.09.19 13:19,buy,187,0.1,1.3411,0,0,,
367,2023.09.19 13:30,buy,188,0.1,1.33918,0,0,,
368,2023.09.21 12:31,close,180,0.1,1.35141,0,0,-12.06,"16,647.88"
369,2023.09.21 12:31,close,181,0.1,1.35141,0,0,5.55,"16,653.43"
370,2023.09.21 12:31,close,182,0.1,1.35141,0,0,18.5,"16,671.93"
371,2023.09.21 12:31,close,183,0.1,1.35141,0,0,28.93,"16,700.86"
372,2023.09.21 12:31,close,184,0.1,1.35141,0,0,39.07,"16,739.93"
373,2023.09.21 12:31,close,185,0.1,1.35141,0,0,49.65,"16,789.58"
374,2023.09.21 12:31,close,186,0.1,1.35141,0,0,62.31,"16,851.89"
375,2023.09.21 12:31,close,187,0.1,1.35141,0,0,76.29,"16,928.18"
376,2023.09.21 12:31,close,188,0.1,1.35141,0,0,90.5,"17,018.68"
377,2023.10.04 15:00,sell,189,0.1,1.37417,0,0,,
378,2023.10.04 15:23,sell,190,0.1,1.37777,0,0,,
379,2023.10.05 21:55,close,189,0.1,1.37044,0,0,26.57,"17,045.24"
380,2023.10.05 21:55,close,190,0.1,1.37044,0,0,52.84,"17,098.08"
381,2023.11.03 14:00,buy,191,0.1,1.36953,0,0,,
382,2023.11.03 14:43,buy,192,0.1,1.36701,0,0,,
383,2023.11.06 07:41,buy,193,0.1,1.36449,0,0,,
384,2023.11.07 05:29,close,191,0.1,1.37249,0,0,21.57,"17,119.65"
385,2023.11.07 05:29,close,192,0.1,1.37249,0,0,39.93,"17,159.58"
386,2023.11.07 05:29,close,193,0.1,1.37249,0,0,58.29,"17,217.87"
387,2023.11.10 15:00,sell,194,0.1,1.38343,0,0,,
388,2023.11.10 15:45,sell,195,0.1,1.38542,0,0,,
389,2023.11.12 22:06,close,194,0.1,1.37881,0,0,33.51,"17,251.38"
390,2023.11.12 22:06,close,195,0.1,1.37881,0,0,47.94,"17,299.32"
391,2023.11.24 15:00,buy,196,0.1,1.36096,0,0,,
392,2023.11.28 08:05,buy,197,0.1,1.35933,0,0,,
393,2023.11.28 16:58,buy,198,0.1,1.35643,0,0,,
394,2023.12.01 06:00,buy,199,0.1,1.35389,0,0,,
395,2023.12.01 09:33,buy,200,0.1,1.35202,0,0,,
396,2023.12.01 17:15,buy,201,0.1,1.34885,0,0,,
397,2023.12.07 03:50,close,196,0.1,1.36067,0,0,-2.13,"17,297.19"
398,2023.12.07 03:50,close,197,0.1,1.36067,0,0,9.85,"17,307.04"
399,2023.12.07 03:50,close,198,0.1,1.36067,0,0,31.16,"17,338.20"
400,2023.12.07 03:50,close,199,0.1,1.36067,0,0,49.83,"17,388.03"
401,2023.12.07 03:50,close,200,0.1,1.36067,0,0,63.57,"17,451.60"
402,2023.12.07 03:50,close,201,0.1,1.36067,0,0,86.87,"17,538.47"
403,2023.12.19 14:00,buy,202,0.1,1.3349,0,0,,
404,2023.12.20 08:16,buy,203,0.1,1.33351,0,0,,
405,2023.12.20 18:33,buy,204,0.1,1.33145,0,0,,
406,2023.12.21 21:03,buy,205,0.1,1.3279,0,0,,
407,2023.12.22 14:08,buy,206,0.1,1.32609,0,0,,
408,2023.12.22 14:34,buy,207,0.1,1.3243,0,0,,
409,2023.12.22 15:03,buy,208,0.1,1.32204,0,0,,
410,2023.12.26 14:18,buy,209,0.1,1.32048,0,0,,
411,2023.12.27 04:44,buy,210,0.1,1.31891,0,0,,
412,2024.01.02 14:30,close,202,0.1,1.33193,0,0,-22.3,"17,516.17"
413,2024.01.02 14:30,close,203,0.1,1.33193,0,0,-11.86,"17,504.31"
414,2024.01.02 14:30,close,204,0.1,1.33193,0,0,3.6,"17,507.91"
415,2024.01.02 14:30,close,205,0.1,1.33193,0,0,30.26,"17,538.17"
416,2024.01.02 14:30,close,206,0.1,1.33193,0,0,43.85,"17,582.02"
417,2024.01.02 14:30,close,207,0.1,1.33193,0,0,57.29,"17,639.31"
418,2024.01.02 14:30,close,208,0.1,1.33193,0,0,74.25,"17,713.56"
419,2024.01.02 14:30,close,209,0.1,1.33193,0,0,85.97,"17,799.53"
420,2024.01.02 14:30,close,210,0.1,1.33193,0,0,97.75,"17,897.28"
421,2024.01.03 14:00,sell,211,0.1,1.33616,0,0,,
422,2024.01.05 13:30,sell,212,0.1,1.33791,0,0,,
423,2024.01.05 13:31,sell,213,0.1,1.33966,0,0,,
424,2024.01.05 15:00,close,211,0.1,1.33216,0,0,27.41,"17,924.69"
425,2024.01.05 15:00,close,212,0.1,1.33216,0,0,43.16,"17,967.85"
426,2024.01.05 15:00,close,213,0.1,1.33216,0,0,56.3,"18,024.15"
427,2024.04.05 14:00,sell,214,0.1,1.36281,0,0,,
428,2024.04.08 14:05,close,214,0.1,1.35735,0,0,39.58,"18,063.72"
429,2024.04.10 14:00,sell,215,0.1,1.3648,0,0,,
430,2024.04.10 14:44,sell,216,0.1,1.36738,0,0,,
431,2024.04.11 07:53,sell,217,0.1,1.36945,0,0,,
432,2024.04.11 15:32,sell,218,0.1,1.37183,0,0,,
433,2024.04.12 09:57,sell,219,0.1,1.37339,0,0,,
434,2024.04.12 13:29,sell,220,0.1,1.37531,0,0,,
435,2024.04.12 19:59,sell,221,0.1,1.37838,0,0,,
436,2024.04.16 07:31,sell,222,0.1,1.38062,0,0,,
437,2024.04.16 14:37,sell,223,0.1,1.38346,0,0,,
438,2024.04.23 14:45,close,215,0.1,1.36831,0,0,-34.16,"18,029.57"
439,2024.04.23 14:45,close,216,0.1,1.36831,0,0,-15.31,"18,014.26"
440,2024.04.23 14:45,close,217,0.1,1.36831,0,0,0.48,"18,014.73"
441,2024.04.23 14:45,close,218,0.1,1.36831,0,0,17.88,"18,032.61"
442,2024.04.23 14:45,close,219,0.1,1.36831,0,0,31.24,"18,063.85"
443,2024.04.23 14:45,close,220,0.1,1.36831,0,0,45.27,"18,109.12"
444,2024.04.23 14:45,close,221,0.1,1.36831,0,0,67.7,"18,176.82"
445,2024.04.23 14:45,close,222,0.1,1.36831,0,0,85.38,"18,262.20"
446,2024.04.23 14:45,close,223,0.1,1.36831,0,0,106.14,"18,368.34"
447,2024.04.23 15:00,buy,224,0.1,1.36665,0,0,,
448,2024.04.24 14:07,close,224,0.1,1.37212,0,0,39.87,"18,408.21"
449,2024.05.03 14:00,buy,225,0.1,1.36287,0,0,,
450,2024.05.03 15:18,close,225,0.1,1.36835,0,0,40.05,"18,448.26"
451,2024.08.23 16:00,buy,226,0.1,1.35225,0,0,,
452,2024.08.26 07:34,buy,227,0.1,1.35048,0,0,,
453,2024.08.26 14:23,buy,228,0.1,1.3488,0,0,,
454,2024.08.26 15:30,buy,229,0.1,1.34703,0,0,,
455,2024.08.27 16:07,buy,230,0.1,1.34531,0,0,,
456,2024.08.27 22:04,buy,231,0.1,1.34319,0,0,,
457,2024.09.03 10:59,close,226,0.1,1.35324,0,0,7.32,"18,455.58"
458,2024.09.03 10:59,close,227,0.1,1.35324,0,0,20.4,"18,475.98"
459,2024.09.03 10:59,close,228,0.1,1.35324,0,0,32.81,"18,508.79"
460,2024.09.03 10:59,close,229,0.1,1.35324,0,0,45.89,"18,554.68"
461,2024.09.03 10:59,close,230,0.1,1.35324,0,0,58.6,"18,613.28"
462,2024.09.03 10:59,close,231,0.1,1.35324,0,0,74.27,"18,687.55"
463,2024.09.23 16:00,buy,232,0.1,1.34962,0,0,,
464,2024.09.24 15:31,buy,233,0.1,1.34776,0,0,,
465,2024.09.24 17:45,buy,234,0.1,1.34565,0,0,,
466,2024.09.24 21:26,buy,235,0.1,1.3434,0,0,,
467,2024.09.27 18:37,close,232,0.1,1.35205,0,0,17.97,"18,705.52"
468,2024.09.27 18:37,close,233,0.1,1.35205,0,0,31.73,"18,737.25"
469,2024.09.27 18:37,close,234,0.1,1.35205,0,0,47.34,"18,784.59"
470,2024.09.27 18:37,close,235,0.1,1.35205,0,0,63.98,"18,848.57"
471,2024.11.26 00:00,sell,236,0.1,1.40982,0,0,,
472,2024.11.26 00:14,sell,237,0.1,1.41473,0,0,,
473,2024.11.26 15:46,close,236,0.1,1.40662,0,0,22.75,"18,871.32"
474,2024.11.26 15:46,close,237,0.1,1.40662,0,0,57.66,"18,928.98"
475,2024.11.29 04:00,buy,238,0.1,1.39867,0,0,,
476,2024.11.29 14:42,close,238,0.1,1.40427,0,0,39.88,"18,968.86"
477,2024.12.18 20:00,sell,239,0.1,1.44163,0,0,,
478,2024.12.18 23:44,sell,240,0.1,1.44572,0,0,,
479,2024.12.19 12:06,close,239,0.1,1.4379,0,0,25.29,"18,994.14"
480,2024.12.19 12:06,close,240,0.1,1.4379,0,0,53.73,"19,047.87"
481,2025.01.30 21:00,sell,241,0.1,1.44852,0,0,,
482,2025.01.31 14:12,sell,242,0.1,1.45211,0,0,,
483,2025.01.31 17:08,close,241,0.1,1.44449,0,0,25.94,"19,073.80"
484,2025.01.31 17:08,close,242,0.1,1.44449,0,0,52.75,"19,126.55"
485,2025.02.02 22:00,sell,243,0.1,1.47352,0,0,,
486,2025.02.03 00:24,close,243,0.1,1.46751,0,0,40.3,"19,166.85"
487,2025.02.27 14:00,sell,244,0.1,1.44251,0,0,,
488,2025.02.28 07:23,sell,245,0.1,1.44506,0,0,,
489,2025.03.03 15:30,close,244,0.1,1.43792,0,0,29.3,"19,196.15"
490,2025.03.03 15:30,close,245,0.1,1.43792,0,0,49.01,"19,245.16"
491,2025.03.03 20:00,sell,246,0.1,1.44995,0,0,,
492,2025.03.04 08:44,close,246,0.1,1.44415,0,0,39.51,"19,284.66"
493,2025.03.06 16:00,buy,247,0.1,1.42706,0,0,,
494,2025.03.07 12:26,close,247,0.1,1.4328,0,0,40.06,"19,324.72"
495,2025.03.10 14:00,sell,248,0.1,1.44181,0,0,,
496,2025.03.10 19:05,sell,249,0.1,1.44562,0,0,,
497,2025.03.11 15:02,sell,250,0.1,1.44933,0,0,,
498,2025.03.11 19:45,close,248,0.1,1.43979,0,0,13.38,"19,338.10"
499,2025.03.11 19:45,close,249,0.1,1.43979,0,0,39.84,"19,377.93"
500,2025.03.11 19:45,close,250,0.1,1.43979,0,0,66.26,"19,444.19"
501,2025.03.17 15:00,buy,251,0.1,1.43162,0,0,,
502,2025.03.17 16:50,buy,252,0.1,1.42923,0,0,,
503,2025.03.18 09:30,buy,253,0.1,1.42765,0,0,,
504,2025.03.20 09:43,close,251,0.1,1.43522,0,0,25.08,"19,469.27"
505,2025.03.20 09:43,close,252,0.1,1.43522,0,0,41.74,"19,511.01"
506,2025.03.20 09:43,close,253,0.1,1.43522,0,0,52.74,"19,563.75"
507,2025.04.02 22:04,buy,254,0.1,1.42264,0,0,,
508,2025.04.02 23:10,close,254,0.1,1.42846,0,0,40.74,"19,604.49"
509,2025.04.10 16:00,buy,255,0.1,1.3999,0,0,,
510,2025.04.11 01:21,buy,256,0.1,1.39308,0,0,,
511,2025.04.11 13:11,buy,257,0.1,1.38623,0,0,,
512,2025.04.18 21:35,buy,258,0.1,1.38367,0,0,,
513,2025.04.21 01:25,buy,259,0.1,1.38128,0,0,,
514,2025.04.21 07:00,buy,260,0.1,1.37925,0,0,,
515,2025.05.06 17:25,buy,261,0.1,1.37648,0,0,,
516,2025.05.08 16:48,close,255,0.1,1.39125,0,0,-62.17,"19,542.32"
517,2025.05.08 16:48,close,256,0.1,1.39125,0,0,-13.15,"19,529.17"
518,2025.05.08 16:48,close,257,0.1,1.39125,0,0,36.08,"19,565.25"
519,2025.05.08 16:48,close,258,0.1,1.39125,0,0,54.48,"19,619.73"
520,2025.05.08 16:48,close,259,0.1,1.39125,0,0,71.66,"19,691.39"
521,2025.05.08 16:48,close,260,0.1,1.39125,0,0,86.25,"19,777.64"
522,2025.05.08 16:48,close,261,0.1,1.39125,0,0,106.16,"19,883.80"
523,2025.05.12 09:00,sell,262,0.1,1.39697,0,0,,
524,2025.05.12 16:44,sell,263,0.1,1.40048,0,0,,
525,2025.05.13 23:51,close,262,0.1,1.39313,0,0,26.91,"19,910.71"
526,2025.05.13 23:51,close,263,0.1,1.39313,0,0,52.11,"19,962.81"
527,2025.06.04 16:00,buy,264,0.1,1.36674,0,0,,
528,2025.06.05 14:20,buy,265,0.1,1.36474,0,0,,
529,2025.06.10 02:52,close,264,0.1,1.37121,0,0,32.6,"19,995.41"
530,2025.06.10 02:52,close,265,0.1,1.37121,0,0,47.18,"20,042.59"