max drawdown,580,,,,,,,,
,,,,,,,,,
#,Time,Type,Order,Size,Price,S / L,T / P,Profit,Balance
1,2020.01.24 00:00,buy,1,0.01,1561.20,1261.15,0.00,,
2,2020.02.19 00:53,buy,2,0.01,1601.59,0.00,0.00,,
3,2020.02.19 00:53,modify,1,0.01,1561.20,0.00,0.00,,
4,2020.02.19 08:00,buy,3,0.01,1605.06,0.00,0.00,,
5,2020.02.19 12:00,buy,4,0.01,1609.35,0.00,0.00,,
6,2020.02.20 00:00,buy,5,0.01,1610.69,0.00,0.00,,
7,2020.02.20 11:59,close,5,0.01,1617.62,0.00,0.00,6.86,"10,006.86"
8,2020.02.20 11:59,close,4,0.01,1617.69,0.00,0.00,8.27,"10,015.13"
9,2020.02.20 11:59,close,3,0.01,1617.66,0.00,0.00,12.53,"10,027.66"
10,2020.02.20 11:59,close,2,0.01,1617.72,0.00,0.00,16.06,"10,043.72"
11,2020.02.20 11:59,close,1,0.01,1617.68,0.00,0.00,56.41,"10,100.13"
12,2020.02.20 11:59,buy,6,0.01,1617.97,1317.89,0.00,,
13,2020.02.24 16:00,buy,7,0.01,1674.98,0.00,0.00,,
14,2020.02.24 16:00,modify,6,0.01,1617.97,0.00,0.00,,
15,2020.02.25 00:08,close,7,0.01,1648.93,0.00,0.00,-26.12,"10,074.01"
16,2020.02.25 00:08,close,6,0.01,1648.99,0.00,0.00,30.95,"10,104.96"
17,2020.02.25 00:08,buy,8,0.01,1649.30,1349.33,0.00,,
18,2020.03.06 20:03,buy,9,0.01,1689.59,0.00,0.00,,
19,2020.03.06 20:03,modify,8,0.01,1649.30,0.00,0.00,,
20,2020.03.06 20:24,close,9,0.01,1671.97,0.00,0.00,-17.69,"10,087.27"
21,2020.03.06 20:24,close,8,0.01,1671.94,0.00,0.00,22.57,"10,109.84"
22,2020.03.06 20:24,buy,10,0.01,1671.86,1371.94,0.00,,
23,2020.04.14 08:00,buy,11,0.01,1713.55,0.00,0.00,,
24,2020.04.14 08:00,modify,10,0.01,1671.86,0.00,0.00,,
25,2020.04.14 12:00,buy,12,0.01,1721.74,0.00,0.00,,
26,2020.04.14 14:49,close,12,0.01,1736.03,0.00,0.00,14.22,"10,124.06"
27,2020.04.14 14:49,close,11,0.01,1735.87,0.00,0.00,22.25,"10,146.31"
28,2020.04.14 14:49,close,10,0.01,1735.87,0.00,0.00,63.94,"10,210.25"
29,2020.04.14 14:49,buy,13,0.01,1736.79,1436.76,0.00,,
30,2020.06.30 15:33,buy,14,0.01,1777.20,0.00,0.00,,
31,2020.06.30 15:33,modify,13,0.01,1736.79,0.00,0.00,,
32,2020.06.30 16:00,buy,15,0.01,1781.49,0.00,0.00,,
33,2020.06.30 20:00,buy,16,0.01,1782.69,0.00,0.00,,
34,2020.07.01 04:00,buy,17,0.01,1783.03,0.00,0.00,,
35,2020.07.01 08:00,buy,18,0.01,1784.14,0.00,0.00,,
36,2020.07.01 14:05,close,18,0.01,1775.18,0.00,0.00,-9.03,"10,201.22"
37,2020.07.01 14:05,close,17,0.01,1775.13,0.00,0.00,-7.97,"10,193.25"
38,2020.07.01 14:05,close,16,0.01,1775.10,0.00,0.00,-7.66,"10,185.59"
39,2020.07.01 14:05,close,15,0.01,1775.16,0.00,0.00,-6.40,"10,179.19"
40,2020.07.01 14:05,close,14,0.01,1775.16,0.00,0.00,-2.11,"10,177.08"
41,2020.07.01 14:05,close,13,0.01,1775.21,0.00,0.00,38.35,"10,215.43"
42,2020.07.01 14:05,buy,19,0.01,1775.40,1475.39,0.00,,
43,2020.07.20 20:00,buy,20,0.01,1817.77,0.00,0.00,,
44,2020.07.20 20:00,modify,19,0.01,1775.40,0.00,0.00,,
45,2020.07.21 08:00,buy,21,0.01,1823.21,0.00,0.00,,
46,2020.07.21 12:00,buy,22,0.01,1826.48,0.00,0.00,,
47,2020.07.21 13:21,close,22,0.01,1835.79,0.00,0.00,9.24,"10,224.67"
48,2020.07.21 13:21,close,21,0.01,1835.81,0.00,0.00,12.53,"10,237.20"
49,2020.07.21 13:21,close,20,0.01,1835.75,0.00,0.00,17.91,"10,255.11"
50,2020.07.21 13:21,close,19,0.01,1835.89,0.00,0.00,60.42,"10,315.53"
51,2020.07.21 13:21,buy,23,0.01,1836.26,1536.26,0.00,,
52,2020.07.23 09:00,buy,24,0.01,1876.77,0.00,0.00,,
53,2020.07.23 09:00,modify,23,0.01,1836.26,0.00,0.00,,
54,2020.07.23 12:00,buy,25,0.01,1882.57,0.00,0.00,,
55,2020.07.23 16:00,buy,26,0.01,1886.69,0.00,0.00,,
56,2020.07.23 16:37,close,26,0.01,1896.10,0.00,0.00,9.34,"10,324.87"
57,2020.07.23 16:37,close,25,0.01,1896.10,0.00,0.00,13.46,"10,338.33"
58,2020.07.23 16:37,close,24,0.01,1896.10,0.00,0.00,19.26,"10,357.59"
59,2020.07.23 16:37,close,23,0.01,1896.05,0.00,0.00,59.72,"10,417.31"
60,2020.07.23 16:37,buy,27,0.01,1896.28,1596.24,0.00,,
61,2020.07.27 20:03,buy,28,0.01,1936.59,0.00,0.00,,
62,2020.07.27 20:03,modify,27,0.01,1896.28,0.00,0.00,,
63,2020.07.28 00:00,buy,29,0.01,1949.04,0.00,0.00,,
64,2020.07.28 00:36,close,29,0.01,1960.70,0.00,0.00,11.59,"10,428.90"
65,2020.07.28 00:36,close,28,0.01,1960.85,0.00,0.00,24.19,"10,453.09"
66,2020.07.28 00:36,close,27,0.01,1960.84,0.00,0.00,64.49,"10,517.58"
67,2020.07.28 00:36,buy,30,0.01,1960.76,1660.83,0.00,,
68,2020.08.05 04:00,buy,31,0.01,2015.81,0.00,0.00,,
69,2020.08.05 04:00,modify,30,0.01,1960.76,0.00,0.00,,
70,2020.08.05 08:00,buy,32,0.01,2033.85,0.00,0.00,,
71,2020.08.05 08:33,close,32,0.01,2036.85,0.00,0.00,2.93,"10,520.51"
72,2020.08.05 08:33,close,31,0.01,2036.94,0.00,0.00,21.06,"10,541.57"
73,2020.08.05 08:33,close,30,0.01,2036.96,0.00,0.00,76.13,"10,617.70"
74,2020.08.05 08:33,buy,33,0.01,2037.46,1737.55,0.00,,
75,2021.02.26 15:10,s/l,33,0.01,1737.60,1737.55,0.00,-299.93,"10,317.77"
76,2021.04.06 15:00,buy,34,0.01,1742.76,1442.67,0.00,,
77,2021.04.19 01:48,buy,35,0.01,1783.23,0.00,0.00,,
78,2021.04.19 01:48,modify,34,0.01,1742.76,0.00,0.00,,
79,2021.04.19 12:00,buy,36,0.01,1787.68,0.00,0.00,,
80,2021.04.19 14:14,close,36,0.01,1772.90,0.00,0.00,-14.85,"10,302.92"
81,2021.04.19 14:14,close,35,0.01,1772.93,0.00,0.00,-10.37,"10,292.55"
82,2021.04.19 14:14,close,34,0.01,1772.93,0.00,0.00,30.10,"10,322.65"
83,2021.04.19 14:14,buy,37,0.01,1773.03,1473.08,0.00,,
84,2021.05.07 20:00,buy,38,0.01,1830.98,0.00,0.00,,
85,2021.05.07 20:00,modify,37,0.01,1773.03,0.00,0.00,,
86,2021.05.10 00:00,buy,39,0.01,1833.14,0.00,0.00,,
87,2021.05.10 08:00,buy,40,0.01,1835.65,0.00,0.00,,
88,2021.05.10 12:00,buy,41,0.01,1840.14,0.00,0.00,,
89,2021.05.10 13:51,close,41,0.01,1842.62,0.00,0.00,2.41,"10,325.06"
90,2021.05.10 13:51,close,40,0.01,1842.71,0.00,0.00,6.99,"10,332.05"
91,2021.05.10 13:51,close,39,0.01,1842.71,0.00,0.00,9.50,"10,341.55"
92,2021.05.10 13:51,close,38,0.01,1842.75,0.00,0.00,11.70,"10,353.25"
93,2021.05.10 13:51,close,37,0.01,1842.73,0.00,0.00,69.63,"10,422.88"
94,2021.05.10 13:51,buy,42,0.01,1843.11,1543.04,0.00,,
95,2021.05.19 14:42,buy,43,0.01,1883.50,0.00,0.00,,
96,2021.05.19 14:42,modify,42,0.01,1843.11,0.00,0.00,,
97,2021.05.19 16:00,buy,44,0.01,1884.08,0.00,0.00,,
98,2021.05.19 19:08,close,44,0.01,1871.73,0.00,0.00,-12.42,"10,410.46"
99,2021.05.19 19:08,close,43,0.01,1871.90,0.00,0.00,-11.67,"10,398.79"
100,2021.05.19 19:08,close,42,0.01,1871.89,0.00,0.00,28.71,"10,427.50"
101,2021.05.19 19:08,buy,45,0.01,1872.39,1572.41,0.00,,
102,2021.05.26 13:41,buy,46,0.01,1912.74,0.00,0.00,,
103,2021.05.26 13:41,modify,45,0.01,1872.39,0.00,0.00,,
104,2021.05.26 18:43,close,46,0.01,1895.20,0.00,0.00,-17.61,"10,409.89"
105,2021.05.26 18:43,close,45,0.01,1895.12,0.00,0.00,22.66,"10,432.55"
106,2021.05.26 18:43,buy,47,0.01,1895.42,1595.49,0.00,,
107,2022.03.02 00:00,buy,48,0.01,1942.50,0.00,0.00,,
108,2022.03.02 00:00,modify,47,0.01,1895.42,0.00,0.00,,
109,2022.03.02 08:00,buy,49,0.01,1945.06,0.00,0.00,,
110,2022.03.02 10:26,close,49,0.01,1929.29,0.00,0.00,-15.84,"10,416.71"
111,2022.03.02 10:26,close,48,0.01,1929.32,0.00,0.00,-13.25,"10,403.46"
112,2022.03.02 10:26,close,47,0.01,1929.27,0.00,0.00,33.78,"10,437.24"
113,2022.03.02 10:26,buy,50,0.01,1929.49,1629.55,0.00,,
114,2022.03.07 12:00,buy,51,0.01,1990.38,0.00,0.00,,
115,2022.03.07 12:00,modify,50,0.01,1929.49,0.00,0.00,,
116,2022.03.07 13:41,close,51,0.01,1962.40,0.00,0.00,-28.05,"10,409.19"
117,2022.03.07 13:41,close,50,0.01,1962.40,0.00,0.00,32.84,"10,442.03"
118,2022.03.07 13:41,buy,52,0.01,1962.78,1662.76,0.00,,
119,2022.03.08 06:33,buy,53,0.01,2003.29,0.00,0.00,,
120,2022.03.08 06:33,modify,52,0.01,1962.78,0.00,0.00,,
121,2022.03.08 08:00,buy,54,0.01,2016.35,0.00,0.00,,
122,2022.03.08 14:39,close,54,0.01,2027.64,0.00,0.00,11.22,"10,453.25"
123,2022.03.08 14:39,close,53,0.01,2027.51,0.00,0.00,24.15,"10,477.40"
124,2022.03.08 14:39,close,52,0.01,2027.50,0.00,0.00,64.65,"10,542.05"
125,2022.03.08 14:39,buy,55,0.01,2027.93,1727.84,0.00,,
126,2022.07.12 02:01,s/l,55,0.01,1727.49,1727.84,0.00,-300.51,"10,241.54"
127,2022.07.29 04:54,buy,56,0.01,1763.09,1463.09,0.00,,
128,2022.08.10 13:30,buy,57,0.01,1803.71,0.00,0.00,,
129,2022.08.10 13:30,modify,56,0.01,1763.09,0.00,0.00,,
130,2022.08.11 03:04,close,57,0.01,1785.94,0.00,0.00,-17.84,"10,223.70"
131,2022.08.11 03:04,close,56,0.01,1785.95,0.00,0.00,22.79,"10,246.49"
132,2022.08.11 03:04,buy,58,0.01,1786.40,1486.31,0.00,,
133,2023.01.02 23:00,buy,59,0.01,1828.72,0.00,0.00,,
134,2023.01.02 23:00,modify,58,0.01,1786.40,0.00,0.00,,
135,2023.01.03 00:00,buy,60,0.01,1829.54,0.00,0.00,,
136,2023.01.03 04:00,buy,61,0.01,1841.37,0.00,0.00,,
137,2023.01.03 07:25,close,61,0.01,1846.66,0.00,0.00,5.22,"10,251.71"
138,2023.01.03 07:25,close,60,0.01,1846.51,0.00,0.00,16.90,"10,268.61"
139,2023.01.03 07:25,close,59,0.01,1846.50,0.00,0.00,17.71,"10,286.32"
140,2023.01.03 07:25,close,58,0.01,1846.56,0.00,0.00,60.09,"10,346.41"
141,2023.01.03 07:25,buy,62,0.01,1846.79,1546.89,0.00,,
142,2023.01.12 12:21,buy,63,0.01,1887.29,0.00,0.00,,
143,2023.01.12 12:21,modify,62,0.01,1846.79,0.00,0.00,,
144,2023.01.12 16:00,buy,64,0.01,1889.17,0.00,0.00,,
145,2023.01.12 20:00,buy,65,0.01,1898.19,0.00,0.00,,
146,2023.01.13 08:00,buy,66,0.01,1899.82,0.00,0.00,,
147,2023.01.13 08:10,close,66,0.01,1904.25,0.00,0.00,4.36,"10,350.77"
148,2023.01.13 08:10,close,65,0.01,1904.29,0.00,0.00,6.03,"10,356.80"
149,2023.01.13 08:10,close,64,0.01,1904.29,0.00,0.00,15.05,"10,371.85"
150,2023.01.13 08:10,close,63,0.01,1904.23,0.00,0.00,16.87,"10,388.72"
151,2023.01.13 08:10,close,62,0.01,1904.29,0.00,0.00,57.43,"10,446.15"
152,2023.01.13 08:10,buy,67,0.01,1904.51,1604.60,0.00,,
153,2023.01.25 20:03,buy,68,0.01,1945.27,0.00,0.00,,
154,2023.01.25 20:03,modify,67,0.01,1904.51,0.00,0.00,,
155,2023.01.26 00:00,buy,69,0.01,1948.59,0.00,0.00,,
156,2023.01.26 09:49,close,69,0.01,1934.41,0.00,0.00,-14.25,"10,431.90"
157,2023.01.26 09:49,close,68,0.01,1934.27,0.00,0.00,-11.07,"10,420.83"
158,2023.01.26 09:49,close,67,0.01,1934.36,0.00,0.00,29.78,"10,450.61"
159,2023.01.26 09:49,buy,70,0.01,1934.79,1634.83,0.00,,
160,2023.03.20 00:00,buy,71,0.01,1977.80,0.00,0.00,,
161,2023.03.20 00:00,modify,70,0.01,1934.79,0.00,0.00,,
162,2023.03.20 08:00,buy,72,0.01,1988.96,0.00,0.00,,
163,2023.03.20 08:24,close,72,0.01,2000.67,0.00,0.00,11.64,"10,462.25"
164,2023.03.20 08:24,close,71,0.01,2000.57,0.00,0.00,22.70,"10,484.95"
165,2023.03.20 08:24,close,70,0.01,2000.65,0.00,0.00,65.79,"10,550.74"
166,2023.03.20 08:24,buy,73,0.01,2000.95,1700.92,0.00,,
167,2023.04.13 16:31,buy,74,0.01,2041.22,0.00,0.00,,
168,2023.04.13 16:31,modify,73,0.01,2000.95,0.00,0.00,,
169,2023.04.14 04:00,buy,75,0.01,2046.26,0.00,0.00,,
170,2023.04.14 13:32,close,75,0.01,2031.18,0.00,0.00,-15.15,"10,535.59"
171,2023.04.14 13:32,close,74,0.01,2031.12,0.00,0.00,-10.17,"10,525.42"
172,2023.04.14 13:32,close,73,0.01,2031.00,0.00,0.00,29.98,"10,555.40"
173,2023.04.14 13:32,buy,76,0.01,2031.68,1731.59,0.00,,
174,2023.12.03 23:27,close,76,0.01,2132.08,1731.59,0.00,100.33,"10,655.73"
175,2023.12.03 23:27,buy,77,0.01,2133.90,1833.82,0.00,,
176,2024.03.08 20:00,buy,78,0.01,2176.68,0.00,0.00,,
177,2024.03.08 20:00,modify,77,0.01,2133.90,0.00,0.00,,
178,2024.03.10 23:00,buy,79,0.01,2181.03,0.00,0.00,,
179,2024.03.11 16:00,buy,80,0.01,2182.21,0.00,0.00,,
180,2024.03.12 13:17,close,80,0.01,2169.71,0.00,0.00,-12.57,"10,643.16"
181,2024.03.12 13:17,close,79,0.01,2169.75,0.00,0.00,-11.35,"10,631.81"
182,2024.03.12 13:17,close,78,0.01,2169.79,0.00,0.00,-6.96,"10,624.85"
183,2024.03.12 13:17,close,77,0.01,2169.80,0.00,0.00,35.83,"10,660.68"
184,2024.03.12 13:17,buy,81,0.01,2169.98,1870.02,0.00,,
185,2024.03.28 16:00,buy,82,0.01,2214.50,0.00,0.00,,
186,2024.03.28 16:00,modify,81,0.01,2169.98,0.00,0.00,,
187,2024.03.28 20:00,buy,83,0.01,2220.68,0.00,0.00,,
188,2024.03.28 21:49,close,83,0.01,2235.23,0.00,0.00,14.48,"10,675.16"
189,2024.03.28 21:49,close,82,0.01,2235.31,0.00,0.00,20.74,"10,695.90"
190,2024.03.28 21:49,close,81,0.01,2235.28,0.00,0.00,65.23,"10,761.13"
191,2024.03.28 21:49,buy,84,0.01,2236.26,1936.35,0.00,,
192,2024.04.03 08:00,buy,85,0.01,2282.22,0.00,0.00,,
193,2024.04.03 08:00,modify,84,0.01,2236.26,0.00,0.00,,
194,2024.04.03 16:00,buy,86,0.01,2283.02,0.00,0.00,,
195,2024.04.03 20:00,buy,87,0.01,2296.66,0.00,0.00,,
196,2024.04.03 21:40,close,87,0.01,2299.69,0.00,0.00,2.96,"10,764.09"
197,2024.04.03 21:40,close,86,0.01,2299.75,0.00,0.00,16.66,"10,780.75"
198,2024.04.03 21:40,close,85,0.01,2299.59,0.00,0.00,17.30,"10,798.05"
199,2024.04.03 21:40,close,84,0.01,2299.66,0.00,0.00,63.33,"10,861.38"
200,2024.04.03 21:40,buy,88,0.01,2300.14,2000.09,0.00,,
201,2024.04.08 03:36,buy,89,0.01,2340.89,0.00,0.00,,
202,2024.04.08 03:36,modify,88,0.01,2300.14,0.00,0.00,,
203,2024.04.08 04:00,buy,90,0.01,2348.53,0.00,0.00,,
204,2024.04.08 13:06,close,90,0.01,2331.63,0.00,0.00,-16.97,"10,844.41"
205,2024.04.08 13:06,close,89,0.01,2331.61,0.00,0.00,-9.35,"10,835.06"
206,2024.04.08 13:06,close,88,0.01,2331.61,0.00,0.00,31.40,"10,866.46"
207,2024.04.08 13:06,buy,91,0.01,2332.06,2031.96,0.00,,
208,2024.04.14 23:08,buy,92,0.01,2373.13,0.00,0.00,,
209,2024.04.14 23:08,modify,91,0.01,2332.06,0.00,0.00,,
210,2024.04.14 23:25,close,92,0.01,2355.24,0.00,0.00,-17.96,"10,848.50"
211,2024.04.14 23:25,close,91,0.01,2355.11,0.00,0.00,22.98,"10,871.48"
212,2024.04.14 23:25,buy,93,0.01,2355.85,2055.82,0.00,,
213,2024.04.16 17:46,buy,94,0.01,2396.21,0.00,0.00,,
214,2024.04.16 17:46,modify,93,0.01,2355.85,0.00,0.00,,
215,2024.04.16 21:55,close,94,0.01,2378.52,0.00,0.00,-17.76,"10,853.72"
216,2024.04.16 21:55,close,93,0.01,2378.66,0.00,0.00,22.74,"10,876.46"
217,2024.04.16 21:55,buy,95,0.01,2379.10,2079.05,0.00,,
218,2024.05.20 12:00,buy,96,0.01,2436.49,0.00,0.00,,
219,2024.05.20 12:00,modify,95,0.01,2379.10,0.00,0.00,,
220,2024.05.20 13:42,close,96,0.01,2410.31,0.00,0.00,-26.25,"10,850.21"
221,2024.05.20 13:42,close,95,0.01,2410.31,0.00,0.00,31.14,"10,881.35"
222,2024.05.20 13:42,buy,97,0.01,2410.52,2110.54,0.00,,
223,2024.07.17 08:00,buy,98,0.01,2466.72,0.00,0.00,,
224,2024.07.17 08:00,modify,97,0.01,2410.52,0.00,0.00,,
225,2024.07.17 12:00,buy,99,0.01,2467.99,0.00,0.00,,
226,2024.07.17 14:59,close,99,0.01,2481.90,0.00,0.00,13.84,"10,895.19"
227,2024.07.17 14:59,close,98,0.01,2481.93,0.00,0.00,15.14,"10,910.33"
228,2024.07.17 14:59,close,97,0.01,2481.85,0.00,0.00,71.26,"10,981.59"
229,2024.07.17 14:59,buy,100,0.01,2482.28,2182.24,0.00,,
230,2024.08.20 16:00,buy,101,0.01,2524.12,0.00,0.00,,
231,2024.08.20 16:00,modify,100,0.01,2482.28,0.00,0.00,,
232,2024.08.20 16:17,close,101,0.01,2505.77,0.00,0.00,-18.42,"10,963.17"
233,2024.08.20 16:17,close,100,0.01,2505.67,0.00,0.00,23.32,"10,986.49"
234,2024.08.20 16:17,buy,102,0.01,2506.18,2206.27,0.00,,
235,2024.09.15 23:00,buy,103,0.01,2579.32,0.00,0.00,,
236,2024.09.15 23:00,modify,102,0.01,2506.18,0.00,0.00,,
237,2024.09.16 00:00,buy,104,0.01,2580.42,0.00,0.00,,
238,2024.09.16 04:00,buy,105,0.01,2585.65,0.00,0.00,,
239,2024.09.16 04:06,close,105,0.01,2588.10,0.00,0.00,2.38,"10,988.87"
240,2024.09.16 04:06,close,104,0.01,2588.12,0.00,0.00,7.63,"10,996.50"
241,2024.09.16 04:06,close,103,0.01,2588.27,0.00,0.00,8.88,"11,005.38"
242,2024.09.16 04:06,close,102,0.01,2588.29,0.00,0.00,82.04,"11,087.42"
243,2024.09.16 04:06,buy,106,0.01,2588.44,2288.50,0.00,,
244,2024.09.23 14:08,buy,107,0.01,2628.93,0.00,0.00,,
245,2024.09.23 14:08,modify,106,0.01,2588.44,0.00,0.00,,
246,2024.09.23 16:00,buy,108,0.01,2630.67,0.00,0.00,,
247,2024.09.24 12:00,buy,109,0.01,2633.52,0.00,0.00,,
248,2024.09.24 15:51,close,109,0.01,2645.46,0.00,0.00,11.87,"11,099.29"
249,2024.09.24 15:51,close,108,0.01,2645.48,0.00,0.00,14.74,"11,114.03"
250,2024.09.24 15:51,close,107,0.01,2645.55,0.00,0.00,16.55,"11,130.58"
251,2024.09.24 15:51,close,106,0.01,2645.46,0.00,0.00,56.95,"11,187.53"
252,2024.09.24 15:51,buy,110,0.01,2645.93,2345.84,0.00,,
253,2024.10.17 11:25,buy,111,0.01,2686.42,0.00,0.00,,
254,2024.10.17 11:25,modify,110,0.01,2645.93,0.00,0.00,,
255,2024.10.17 12:00,buy,112,0.01,2687.61,0.00,0.00,,
256,2024.10.17 13:31,close,112,0.01,2674.98,0.00,0.00,-12.70,"11,174.83"
257,2024.10.17 13:31,close,111,0.01,2674.92,0.00,0.00,-11.57,"11,163.26"
258,2024.10.17 13:31,close,110,0.01,2674.89,0.00,0.00,28.89,"11,192.15"
259,2024.10.17 13:31,buy,113,0.01,2676.47,2376.39,0.00,,
260,2024.10.18 13:33,buy,114,0.01,2716.98,0.00,0.00,,
261,2024.10.18 13:33,modify,113,0.01,2676.47,0.00,0.00,,
262,2024.10.18 16:00,buy,115,0.01,2717.66,0.00,0.00,,
263,2024.10.18 20:00,buy,116,0.01,2720.51,0.00,0.00,,
264,2024.10.20 23:00,buy,117,0.01,2721.64,0.00,0.00,,
265,2024.10.21 00:00,buy,118,0.01,2723.86,0.00,0.00,,
266,2024.10.21 03:28,close,118,0.01,2729.55,0.00,0.00,5.62,"11,197.77"
267,2024.10.21 03:28,close,117,0.01,2729.51,0.00,0.00,7.80,"11,205.57"
268,2024.10.21 03:28,close,116,0.01,2729.59,0.00,0.00,9.01,"11,214.58"
269,2024.10.21 03:28,close,115,0.01,2729.52,0.00,0.00,11.79,"11,226.37"
270,2024.10.21 03:28,close,114,0.01,2729.65,0.00,0.00,12.60,"11,238.97"
271,2024.10.21 03:28,close,113,0.01,2729.53,0.00,0.00,52.99,"11,291.96"
272,2024.10.21 03:28,buy,119,0.01,2729.99,2430.00,0.00,,
273,2024.10.29 20:00,buy,120,0.01,2773.19,0.00,0.00,,
274,2024.10.29 20:00,modify,119,0.01,2729.99,0.00,0.00,,
275,2024.10.30 00:00,buy,121,0.01,2774.98,0.00,0.00,,
276,2024.10.30 04:00,buy,122,0.01,2780.82,0.00,0.00,,
277,2024.10.30 08:00,buy,123,0.01,2787.36,0.00,0.00,,
278,2024.10.30 18:29,close,123,0.01,2789.25,0.00,0.00,1.82,"11,293.78"
279,2024.10.30 18:29,close,122,0.01,2789.36,0.00,0.00,8.47,"11,302.25"
280,2024.10.30 18:29,close,121,0.01,2789.31,0.00,0.00,14.26,"11,316.51"
281,2024.10.30 18:29,close,120,0.01,2789.26,0.00,0.00,16.00,"11,332.51"
282,2024.10.30 18:29,close,119,0.01,2789.42,0.00,0.00,59.36,"11,391.87"
283,2024.10.30 18:29,buy,124,0.01,2789.71,2489.77,0.00,,
284,2025.02.04 13:21,buy,125,0.01,2830.21,0.00,0.00,,
285,2025.02.04 13:21,modify,124,0.01,2789.71,0.00,0.00,,
286,2025.02.04 16:00,buy,126,0.01,2836.17,0.00,0.00,,
287,2025.02.04 20:00,buy,127,0.01,2843.47,0.00,0.00,,
288,2025.02.05 02:10,close,127,0.01,2849.99,0.00,0.00,6.45,"11,398.32"
289,2025.02.05 02:10,close,126,0.01,2849.93,0.00,0.00,13.69,"11,412.01"
290,2025.02.05 02:10,close,125,0.01,2850.07,0.00,0.00,19.79,"11,431.80"
291,2025.02.05 02:10,close,124,0.01,2850.06,0.00,0.00,60.28,"11,492.08"
292,2025.02.05 02:10,buy,128,0.01,2850.53,2550.62,0.00,,
293,2025.02.10 20:00,buy,129,0.01,2904.75,0.00,0.00,,
294,2025.02.10 20:00,modify,128,0.01,2850.53,0.00,0.00,,
295,2025.02.11 00:00,buy,130,0.01,2918.16,0.00,0.00,,
296,2025.02.11 00:55,close,130,0.01,2924.63,0.00,0.00,6.40,"11,498.48"
297,2025.02.11 00:55,close,129,0.01,2924.68,0.00,0.00,19.86,"11,518.34"
298,2025.02.11 00:55,close,128,0.01,2924.69,0.00,0.00,74.09,"11,592.43"
299,2025.02.11 00:55,buy,131,0.01,2925.39,2625.29,0.00,,
300,2025.03.14 08:00,buy,132,0.01,2986.01,0.00,0.00,,
301,2025.03.14 08:00,modify,131,0.01,2925.39,0.00,0.00,,
302,2025.03.14 12:00,buy,133,0.01,2993.56,0.00,0.00,,
303,2025.03.17 12:00,buy,134,0.01,2999.38,0.00,0.00,,
304,2025.03.17 21:14,close,134,0.01,3001.22,0.00,0.00,1.77,"11,594.20"
305,2025.03.17 21:14,close,133,0.01,3001.19,0.00,0.00,7.56,"11,601.76"
306,2025.03.17 21:14,close,132,0.01,3001.09,0.00,0.00,15.01,"11,616.77"
307,2025.03.17 21:14,close,131,0.01,3001.24,0.00,0.00,75.78,"11,692.55"
308,2025.03.17 21:14,buy,135,0.01,3001.58,2701.55,0.00,,
309,2025.03.19 08:00,buy,136,0.01,3042.65,0.00,0.00,,
310,2025.03.19 08:00,modify,135,0.01,3001.58,0.00,0.00,,
311,2025.03.19 09:59,close,136,0.01,3024.72,0.00,0.00,-18.00,"11,674.55"
312,2025.03.19 09:59,close,135,0.01,3024.58,0.00,0.00,22.93,"11,697.48"
313,2025.03.19 09:59,buy,137,0.01,3025.31,2725.32,0.00,,
314,2025.03.28 02:14,buy,138,0.01,3066.00,0.00,0.00,,
315,2025.03.28 02:14,modify,137,0.01,3025.31,0.00,0.00,,
316,2025.03.28 04:00,buy,139,0.01,3072.15,0.00,0.00,,
317,2025.03.28 08:00,buy,140,0.01,3085.16,0.00,0.00,,
318,2025.03.30 23:00,close,140,0.01,3087.35,0.00,0.00,2.12,"11,699.60"
319,2025.03.30 23:00,close,139,0.01,3087.19,0.00,0.00,14.97,"11,714.57"
320,2025.03.30 23:00,close,138,0.01,3087.15,0.00,0.00,21.08,"11,735.65"
321,2025.03.30 23:00,close,137,0.01,3087.17,0.00,0.00,61.79,"11,797.44"
322,2025.03.30 23:00,buy,141,0.01,3087.96,2787.94,0.00,,
323,2025.04.01 02:01,buy,142,0.01,3128.99,0.00,0.00,,
324,2025.04.01 02:01,modify,141,0.01,3087.96,0.00,0.00,,
325,2025.04.01 04:00,buy,143,0.01,3145.49,0.00,0.00,,
326,2025.04.01 16:42,close,143,0.01,3122.58,0.00,0.00,-22.98,"11,774.46"
327,2025.04.01 16:42,close,142,0.01,3122.56,0.00,0.00,-6.50,"11,767.96"
328,2025.04.01 16:42,close,141,0.01,3122.64,0.00,0.00,34.61,"11,802.57"
329,2025.04.01 16:42,buy,144,0.01,3122.84,2822.91,0.00,,
330,2025.04.11 08:00,buy,145,0.01,3197.69,0.00,0.00,,
331,2025.04.11 08:00,modify,144,0.01,3122.84,0.00,0.00,,
332,2025.04.11 08:05,close,145,0.01,3210.39,0.00,0.00,12.63,"11,815.20"
333,2025.04.11 08:05,close,144,0.01,3210.49,0.00,0.00,87.58,"11,902.78"
334,2025.04.11 08:05,buy,146,0.01,3211.13,2911.16,0.00,,
335,2025.04.16 09:15,close,146,0.01,3311.31,2911.16,0.00,100.11,"12,002.89"
336,2025.04.16 09:15,buy,147,0.01,3311.90,3011.92,0.00,,
337,2025.04.20 23:20,buy,148,0.01,3352.71,0.00,0.00,,
338,2025.04.20 23:20,modify,147,0.01,3311.90,0.00,0.00,,
339,2025.04.21 03:02,close,148,0.01,3382.38,0.00,0.00,29.60,"12,032.49"
340,2025.04.21 03:02,close,147,0.01,3382.45,0.00,0.00,70.48,"12,102.97"
341,2025.04.21 03:02,buy,149,0.01,3383.08,3083.07,0.00,,
342,2025.04.22 04:19,close,149,0.01,3483.22,3083.07,0.00,100.07,"12,203.04"
343,2025.04.22 04:19,buy,150,0.01,3484.01,3183.96,0.00,,
344,2025.05.14 13:58,s/l,150,0.01,3183.90,3183.96,0.00,-300.18,"11,902.86"
345,2025.05.15 18:04,buy,151,0.01,3226.06,2926.03,0.00,,
346,2025.05.21 04:00,buy,152,0.01,3302.15,0.00,0.00,,
347,2025.05.21 04:00,modify,151,0.01,3226.06,0.00,0.00,,
348,2025.05.21 06:46,close,152,0.01,3314.36,0.00,0.00,12.14,"11,915.00"
349,2025.05.21 06:46,close,151,0.01,3314.36,0.00,0.00,88.23,"12,003.23"
350,2025.05.21 06:46,buy,153,0.01,3314.87,3014.84,0.00,,
351,2025.05.23 16:00,buy,154,0.01,3359.54,0.00,0.00,,
352,2025.05.23 16:00,modify,153,0.01,3314.87,0.00,0.00,,
353,2025.05.23 20:00,buy,155,0.01,3362.50,0.00,0.00,,
354,2025.05.25 23:05,close,155,0.01,3347.21,0.00,0.00,-15.36,"11,987.87"
355,2025.05.25 23:05,close,154,0.01,3347.25,0.00,0.00,-12.36,"11,975.51"
356,2025.05.25 23:05,close,153,0.01,3347.26,0.00,0.00,32.32,"12,007.83"
357,2025.05.25 23:05,buy,156,0.01,3349.38,3049.45,0.00,,
358,2025.06.05 10:30,buy,157,0.01,3389.86,0.00,0.00,,
359,2025.06.05 10:30,modify,156,0.01,3349.38,0.00,0.00,,
360,2025.06.05 12:00,buy,158,0.01,3400.35,0.00,0.00,,
361,2025.06.05 13:49,close,158,0.01,3381.19,0.00,0.00,-19.23,"11,988.60"
362,2025.06.05 13:49,close,157,0.01,3381.22,0.00,0.00,-8.71,"11,979.89"
363,2025.06.05 13:49,close,156,0.01,3381.07,0.00,0.00,31.62,"12,011.51"
364,2025.06.05 13:49,buy,159,0.01,3382.41,3082.45,0.00,,
365,2025.06.13 09:14,buy,160,0.01,3423.09,0.00,0.00,,
366,2025.06.13 09:14,modify,159,0.01,3382.41,0.00,0.00,,
367,2025.06.13 16:00,buy,161,0.01,3428.15,0.00,0.00,,
368,2025.06.13 20:00,buy,162,0.01,3436.98,0.00,0.00,,
369,2025.06.15 23:00,close,162,0.01,3451.15,0.00,0.00,14.10,"12,025.61"
370,2025.06.15 23:00,close,161,0.01,3451.09,0.00,0.00,22.87,"12,048.48"
371,2025.06.15 23:00,close,160,0.01,3451.03,0.00,0.00,27.87,"12,076.35"
372,2025.06.15 23:00,close,159,0.01,3451.09,0.00,0.00,68.61,"12,144.96"
373,2025.06.15 23:00,buy,163,0.01,3452.71,0.00,0.00,,
374,2025.08.06 00:59,close at stop,163,0.01,3383.07,0.00,0.00,-69.71,"12,075.25"