max drawdown ,4596,,,,,,,,
,,,,,,,,,
#,Time,Type,Order,Size,Price,S / L,T / P,Profit,Balance
1,2020.01.28 09:00,buy,1,0.1,0.67432,0,0,,
2,2020.01.29 00:41,close,1,0.1,0.67703,0,0,26.88,"10,026.88"
3,2020.01.31 10:00,buy,2,0.1,0.66893,0,0,,
4,2020.02.04 03:37,close,2,0.1,0.67164,0,0,26.66,"10,053.54"
5,2020.02.05 09:00,sell,3,0.1,0.67598,0,0,,
6,2020.02.06 15:16,close,3,0.1,0.67327,0,0,27.07,"10,080.61"
7,2020.02.07 10:00,buy,4,0.1,0.66838,0,0,,
8,2020.02.11 05:16,close,4,0.1,0.67106,0,0,26.36,"10,106.97"
9,2020.02.28 05:00,buy,5,0.1,0.65246,0,0,,
10,2020.02.28 11:57,buy,6,0.1,0.64991,0,0,,
11,2020.02.28 15:55,buy,7,0.1,0.6474,0,0,,
12,2020.02.28 15:58,buy,8,0.1,0.6449,0,0,,
13,2020.02.28 19:37,close,5,0.1,0.65134,0,0,-11.2,"10,095.77"
14,2020.02.28 19:37,close,6,0.1,0.65134,0,0,14.3,"10,110.07"
15,2020.02.28 19:37,close,7,0.1,0.65134,0,0,39.4,"10,149.47"
16,2020.02.28 19:37,close,8,0.1,0.65134,0,0,64.4,"10,213.87"
17,2020.03.03 16:00,sell,9,0.1,0.66226,0,0,,
18,2020.03.03 16:24,close,9,0.1,0.65958,0,0,26.8,"10,240.67"
19,2020.03.09 03:00,buy,10,0.1,0.64719,0,0,,
20,2020.03.09 03:02,close,10,0.1,0.6498,0,0,26.1,"10,266.77"
21,2020.03.12 14:00,buy,11,0.1,0.63482,0,0,,
22,2020.03.12 15:21,buy,12,0.1,0.63237,0,0,,
23,2020.03.12 16:13,buy,13,0.1,0.6299,0,0,,
24,2020.03.12 16:44,buy,14,0.1,0.62747,0,0,,
25,2020.03.12 17:54,close,11,0.1,0.63367,0,0,-11.5,"10,255.27"
26,2020.03.12 17:54,close,12,0.1,0.63367,0,0,13,"10,268.27"
27,2020.03.12 17:54,close,13,0.1,0.63367,0,0,37.7,"10,305.97"
28,2020.03.12 17:54,close,14,0.1,0.63367,0,0,62,"10,367.97"
29,2020.03.17 10:00,buy,15,0.1,0.60663,0,0,,
30,2020.03.17 10:47,buy,16,0.1,0.60428,0,0,,
31,2020.03.17 11:39,buy,17,0.1,0.60194,0,0,,
32,2020.03.17 11:59,buy,18,0.1,0.59962,0,0,,
33,2020.03.17 16:56,buy,19,0.1,0.59728,0,0,,
34,2020.03.18 09:28,buy,20,0.1,0.59493,0,0,,
35,2020.03.18 09:54,buy,21,0.1,0.59264,0,0,,
36,2020.03.18 13:04,buy,22,0.1,0.59029,0,0,,
37,2020.03.18 14:27,buy,23,0.1,0.58801,0,0,,
38,2020.03.18 16:16,buy,24,0.1,0.58574,0,0,,
39,2020.03.24 23:31,close,15,0.1,0.59853,0,0,-82.54,"10,285.43"
40,2020.03.24 23:31,close,16,0.1,0.59853,0,0,-59.04,"10,226.39"
41,2020.03.24 23:31,close,17,0.1,0.59853,0,0,-35.64,"10,190.75"
42,2020.03.24 23:31,close,18,0.1,0.59853,0,0,-12.44,"10,178.31"
43,2020.03.24 23:31,close,19,0.1,0.59853,0,0,10.96,"10,189.27"
44,2020.03.24 23:31,close,20,0.1,0.59853,0,0,34.68,"10,223.95"
45,2020.03.24 23:31,close,21,0.1,0.59853,0,0,57.58,"10,281.53"
46,2020.03.24 23:31,close,22,0.1,0.59853,0,0,81.08,"10,362.61"
47,2020.03.24 23:31,close,23,0.1,0.59853,0,0,103.88,"10,466.49"
48,2020.03.24 23:31,close,24,0.1,0.59853,0,0,126.58,"10,593.07"
49,2020.03.27 19:00,sell,25,0.1,0.61777,0,0,,
50,2020.03.29 22:05,close,25,0.1,0.61506,0,0,27.1,"10,620.17"
51,2020.04.02 14:00,buy,26,0.1,0.60371,0,0,,
52,2020.04.02 14:13,buy,27,0.1,0.60137,0,0,,
53,2020.04.02 15:31,close,26,0.1,0.605,0,0,12.9,"10,633.07"
54,2020.04.02 15:31,close,27,0.1,0.605,0,0,36.3,"10,669.37"
55,2020.04.03 11:00,buy,28,0.1,0.59971,0,0,,
56,2020.04.03 15:57,close,28,0.1,0.60211,0,0,24,"10,693.37"
57,2020.04.07 06:00,sell,29,0.1,0.61463,0,0,,
58,2020.04.07 07:58,sell,30,0.1,0.61701,0,0,,
59,2020.04.07 13:19,sell,31,0.1,0.61941,0,0,,
60,2020.04.08 01:12,close,29,0.1,0.61454,0,0,0.89,"10,694.26"
61,2020.04.08 01:12,close,30,0.1,0.61454,0,0,24.69,"10,718.95"
62,2020.04.08 01:12,close,31,0.1,0.61454,0,0,48.69,"10,767.64"
63,2020.04.09 14:00,sell,32,0.1,0.62753,0,0,,
64,2020.04.09 14:21,sell,33,0.1,0.62996,0,0,,
65,2020.04.09 18:31,sell,34,0.1,0.63245,0,0,,
66,2020.04.09 18:31,sell,35,0.1,0.63511,0,0,,
67,2020.04.13 16:27,sell,36,0.1,0.63757,0,0,,
68,2020.04.13 18:47,sell,37,0.1,0.64004,0,0,,
69,2020.04.14 02:55,sell,38,0.1,0.64253,0,0,,
70,2020.04.15 09:55,close,32,0.1,0.63247,0,0,-49.44,"10,718.20"
71,2020.04.15 09:55,close,33,0.1,0.63247,0,0,-25.14,"10,693.06"
72,2020.04.15 09:55,close,34,0.1,0.63247,0,0,-0.24,"10,692.82"
73,2020.04.15 09:55,close,35,0.1,0.63247,0,0,26.36,"10,719.18"
74,2020.04.15 09:55,close,36,0.1,0.63247,0,0,50.98,"10,770.16"
75,2020.04.15 09:55,close,37,0.1,0.63247,0,0,75.68,"10,845.84"
76,2020.04.15 09:55,close,38,0.1,0.63247,0,0,100.59,"10,946.43"
77,2020.04.27 03:00,sell,39,0.1,0.64332,0,0,,
78,2020.04.27 06:28,sell,40,0.1,0.64581,0,0,,
79,2020.04.28 08:41,sell,41,0.1,0.64831,0,0,,
80,2020.04.28 12:18,sell,42,0.1,0.65083,0,0,,
81,2020.04.29 04:56,sell,43,0.1,0.65338,0,0,,
82,2020.04.30 04:58,sell,44,0.1,0.65592,0,0,,
83,2020.05.01 02:48,close,39,0.1,0.64697,0,0,-36.56,"10,909.87"
84,2020.05.01 02:48,close,40,0.1,0.64697,0,0,-11.66,"10,898.21"
85,2020.05.01 02:48,close,41,0.1,0.64697,0,0,13.35,"10,911.56"
86,2020.05.01 02:48,close,42,0.1,0.64697,0,0,38.55,"10,950.11"
87,2020.05.01 02:48,close,43,0.1,0.64697,0,0,64.06,"11,014.17"
88,2020.05.01 02:48,close,44,0.1,0.64697,0,0,89.49,"11,103.66"
89,2020.05.06 21:00,buy,45,0.1,0.63974,0,0,,
90,2020.05.07 04:05,close,45,0.1,0.64231,0,0,25.04,"11,128.70"
91,2020.05.11 03:00,sell,46,0.1,0.65553,0,0,,
92,2020.05.11 08:46,close,46,0.1,0.65289,0,0,26.4,"11,155.10"
93,2020.05.13 13:00,sell,47,0.1,0.65154,0,0,,
94,2020.05.13 14:22,close,47,0.1,0.64892,0,0,26.2,"11,181.30"
95,2020.05.15 16:00,buy,48,0.1,0.64141,0,0,,
96,2020.05.18 02:15,close,48,0.1,0.64399,0,0,25.58,"11,206.88"
97,2020.05.26 10:00,sell,49,0.1,0.66218,0,0,,
98,2020.05.26 14:08,sell,50,0.1,0.66474,0,0,,
99,2020.05.26 19:59,sell,51,0.1,0.66733,0,0,,
100,2020.05.27 13:58,close,49,0.1,0.66206,0,0,1.19,"11,208.07"
101,2020.05.27 13:58,close,50,0.1,0.66206,0,0,26.79,"11,234.86"
102,2020.05.27 13:58,close,51,0.1,0.66206,0,0,52.69,"11,287.55"
103,2020.06.01 02:00,sell,52,0.1,0.66894,0,0,,
104,2020.06.01 02:24,sell,53,0.1,0.67153,0,0,,
105,2020.06.01 03:43,sell,54,0.1,0.67415,0,0,,
106,2020.06.01 08:58,sell,55,0.1,0.67676,0,0,,
107,2020.06.01 19:51,sell,56,0.1,0.6794,0,0,,
108,2020.06.02 09:23,sell,57,0.1,0.68204,0,0,,
109,2020.06.02 10:01,sell,58,0.1,0.68469,0,0,,
110,2020.06.02 15:00,sell,59,0.1,0.68734,0,0,,
111,2020.06.03 00:31,sell,60,0.1,0.69013,0,0,,
112,2020.06.03 01:16,sell,61,0.1,0.69284,0,0,,
113,2020.06.15 07:08,close,52,0.1,0.67803,0,0,-91.04,"11,196.51"
114,2020.06.15 07:08,close,53,0.1,0.67803,0,0,-65.14,"11,131.37"
115,2020.06.15 07:08,close,54,0.1,0.67803,0,0,-38.94,"11,092.43"
116,2020.06.15 07:08,close,55,0.1,0.67803,0,0,-12.84,"11,079.59"
117,2020.06.15 07:08,close,56,0.1,0.67803,0,0,13.56,"11,093.15"
118,2020.06.15 07:08,close,57,0.1,0.67803,0,0,39.97,"11,133.12"
119,2020.06.15 07:08,close,58,0.1,0.67803,0,0,66.47,"11,199.59"
120,2020.06.15 07:08,close,59,0.1,0.67803,0,0,92.97,"11,292.56"
121,2020.06.15 07:08,close,60,0.1,0.67803,0,0,120.88,"11,413.44"
122,2020.06.15 07:08,close,61,0.1,0.67803,0,0,147.98,"11,561.42"
123,2020.06.15 20:00,sell,62,0.1,0.69146,0,0,,
124,2020.06.15 23:03,sell,63,0.1,0.69414,0,0,,
125,2020.06.16 03:31,sell,64,0.1,0.69684,0,0,,
126,2020.06.16 08:18,close,62,0.1,0.69137,0,0,0.89,"11,562.31"
127,2020.06.16 08:18,close,63,0.1,0.69137,0,0,27.69,"11,590.00"
128,2020.06.16 08:18,close,64,0.1,0.69137,0,0,54.7,"11,644.70"
129,2020.06.18 15:00,buy,65,0.1,0.6842,0,0,,
130,2020.06.19 07:34,close,65,0.1,0.68694,0,0,27.18,"11,671.88"
131,2020.06.21 22:00,buy,66,0.1,0.68107,0,0,,
132,2020.06.22 02:06,close,66,0.1,0.6838,0,0,27.08,"11,698.96"
133,2020.06.23 14:00,sell,67,0.1,0.69672,0,0,,
134,2020.06.23 19:00,close,67,0.1,0.69393,0,0,27.9,"11,726.86"
135,2020.06.24 17:00,buy,68,0.1,0.68754,0,0,,
136,2020.06.25 08:14,buy,69,0.1,0.68486,0,0,,
137,2020.06.25 20:53,close,68,0.1,0.68902,0,0,14.14,"11,741.00"
138,2020.06.25 20:53,close,69,0.1,0.68902,0,0,41.6,"11,782.60"
139,2020.07.02 15:00,sell,70,0.1,0.69451,0,0,,
140,2020.07.02 15:51,close,70,0.1,0.69173,0,0,27.8,"11,810.40"
141,2020.07.21 11:00,sell,71,0.1,0.70672,0,0,,
142,2020.07.21 13:36,sell,72,0.1,0.70947,0,0,,
143,2020.07.21 18:29,sell,73,0.1,0.71223,0,0,,
144,2020.07.22 06:58,sell,74,0.1,0.71502,0,0,,
145,2020.07.22 13:21,sell,75,0.1,0.7178,0,0,,
146,2020.07.23 13:59,close,71,0.1,0.70937,0,0,-26.54,"11,783.86"
147,2020.07.23 13:59,close,72,0.1,0.70937,0,0,0.96,"11,784.82"
148,2020.07.23 13:59,close,73,0.1,0.70937,0,0,28.56,"11,813.38"
149,2020.07.23 13:59,close,74,0.1,0.70937,0,0,56.47,"11,869.85"
150,2020.07.23 13:59,close,75,0.1,0.70937,0,0,84.27,"11,954.12"
151,2020.07.27 04:00,sell,76,0.1,0.71382,0,0,,
152,2020.07.28 02:15,sell,77,0.1,0.71659,0,0,,
153,2020.07.28 08:34,close,76,0.1,0.71233,0,0,14.89,"11,969.01"
154,2020.07.28 08:34,close,77,0.1,0.71233,0,0,42.6,"12,011.61"
155,2020.07.29 09:00,sell,78,0.1,0.71855,0,0,,
156,2020.07.30 06:29,close,78,0.1,0.71567,0,0,28.77,"12,040.38"
157,2020.07.31 18:00,buy,79,0.1,0.71458,0,0,,
158,2020.08.03 07:53,buy,80,0.1,0.71181,0,0,,
159,2020.08.03 13:48,buy,81,0.1,0.70905,0,0,,
160,2020.08.04 08:25,close,79,0.1,0.71467,0,0,0.46,"12,040.84"
161,2020.08.04 08:25,close,80,0.1,0.71467,0,0,28.38,"12,069.22"
162,2020.08.04 08:25,close,81,0.1,0.71467,0,0,55.98,"12,125.20"
163,2020.08.06 15:00,sell,82,0.1,0.72166,0,0,,
164,2020.08.07 14:16,close,82,0.1,0.71877,0,0,28.89,"12,154.09"
165,2020.08.17 15:00,sell,83,0.1,0.72104,0,0,,
166,2020.08.18 10:06,sell,84,0.1,0.72384,0,0,,
167,2020.08.19 08:58,sell,85,0.1,0.72665,0,0,,
168,2020.08.19 19:07,close,83,0.1,0.72094,0,0,0.98,"12,155.07"
169,2020.08.19 19:07,close,84,0.1,0.72094,0,0,28.99,"12,184.06"
170,2020.08.19 19:07,close,85,0.1,0.72094,0,0,57.1,"12,241.16"
171,2020.08.21 13:00,buy,86,0.1,0.71639,0,0,,
172,2020.08.24 11:34,close,86,0.1,0.71929,0,0,28.78,"12,269.94"
173,2020.08.31 16:00,sell,87,0.1,0.73943,0,0,,
174,2020.09.01 18:11,close,87,0.1,0.73646,0,0,29.69,"12,299.63"
175,2020.09.02 15:00,buy,88,0.1,0.73072,0,0,,
176,2020.09.02 21:31,close,88,0.1,0.73367,0,0,29.5,"12,329.13"
177,2020.09.04 15:00,buy,89,0.1,0.72413,0,0,,
178,2020.09.04 17:23,close,89,0.1,0.72704,0,0,29.1,"12,358.23"
179,2020.09.10 14:00,sell,90,0.1,0.72917,0,0,,
180,2020.09.10 14:49,sell,91,0.1,0.732,0,0,,
181,2020.09.10 17:44,close,90,0.1,0.72766,0,0,15.1,"12,373.33"
182,2020.09.10 17:44,close,91,0.1,0.72766,0,0,43.4,"12,416.73"
183,2020.09.21 15:00,buy,92,0.1,0.72228,0,0,,
184,2020.09.22 02:22,buy,93,0.1,0.71947,0,0,,
185,2020.09.22 16:03,buy,94,0.1,0.71668,0,0,,
186,2020.09.23 01:48,buy,95,0.1,0.71389,0,0,,
187,2020.09.23 13:16,buy,96,0.1,0.71112,0,0,,
188,2020.09.23 19:19,buy,97,0.1,0.70835,0,0,,
189,2020.09.24 02:57,buy,98,0.1,0.7056,0,0,,
190,2020.09.24 13:40,buy,99,0.1,0.70286,0,0,,
191,2020.09.30 15:17,close,92,0.1,0.71541,0,0,-70.68,"12,346.05"
192,2020.09.30 15:17,close,93,0.1,0.71541,0,0,-42.36,"12,303.69"
193,2020.09.30 15:17,close,94,0.1,0.71541,0,0,-14.46,"12,289.23"
194,2020.09.30 15:17,close,95,0.1,0.71541,0,0,13.66,"12,302.89"
195,2020.09.30 15:17,close,96,0.1,0.71541,0,0,41.36,"12,344.25"
196,2020.09.30 15:17,close,97,0.1,0.71541,0,0,69.06,"12,413.31"
197,2020.09.30 15:17,close,98,0.1,0.71541,0,0,97.22,"12,510.53"
198,2020.09.30 15:17,close,99,0.1,0.71541,0,0,124.62,"12,635.15"
199,2020.09.30 16:00,sell,100,0.1,0.71671,0,0,,
200,2020.10.01 07:20,sell,101,0.1,0.71949,0,0,,
201,2020.10.02 05:55,close,100,0.1,0.71522,0,0,14.86,"12,650.01"
202,2020.10.02 05:55,close,101,0.1,0.71522,0,0,42.69,"12,692.70"
203,2020.10.09 03:00,sell,102,0.1,0.71814,0,0,,
204,2020.10.09 13:48,sell,103,0.1,0.72097,0,0,,
205,2020.10.09 16:38,sell,104,0.1,0.72379,0,0,,
206,2020.10.13 01:15,close,102,0.1,0.71802,0,0,1.18,"12,693.88"
207,2020.10.13 01:15,close,103,0.1,0.71802,0,0,29.48,"12,723.36"
208,2020.10.13 01:15,close,104,0.1,0.71802,0,0,57.68,"12,781.04"
209,2020.10.15 00:00,buy,105,0.1,0.71367,0,0,,
210,2020.10.15 08:00,buy,106,0.1,0.7109,0,0,,
211,2020.10.15 09:33,buy,107,0.1,0.70814,0,0,,
212,2020.10.20 00:31,buy,108,0.1,0.70539,0,0,,
213,2020.10.20 12:53,buy,109,0.1,0.70265,0,0,,
214,2020.10.21 14:57,close,105,0.1,0.71099,0,0,-27.68,"12,753.36"
215,2020.10.21 14:57,close,106,0.1,0.71099,0,0,0.02,"12,753.38"
216,2020.10.21 14:57,close,107,0.1,0.71099,0,0,27.62,"12,781.00"
217,2020.10.21 14:57,close,108,0.1,0.71099,0,0,55.78,"12,836.78"
218,2020.10.21 14:57,close,109,0.1,0.71099,0,0,83.18,"12,919.96"
219,2020.10.23 00:00,sell,110,0.1,0.71327,0,0,,
220,2020.10.23 07:01,close,110,0.1,0.7104,0,0,28.7,"12,948.66"
221,2020.10.23 10:00,sell,111,0.1,0.71438,0,0,,
222,2020.10.23 14:57,close,111,0.1,0.7115,0,0,28.8,"12,977.46"
223,2020.10.28 13:00,buy,112,0.1,0.70775,0,0,,
224,2020.10.28 15:19,buy,113,0.1,0.705,0,0,,
225,2020.10.29 14:00,buy,114,0.1,0.70227,0,0,,
226,2020.11.02 06:44,buy,115,0.1,0.69954,0,0,,
227,2020.11.03 07:48,close,112,0.1,0.70649,0,0,-13.92,"12,963.54"
228,2020.11.03 07:48,close,113,0.1,0.70649,0,0,13.58,"12,977.12"
229,2020.11.03 07:48,close,114,0.1,0.70649,0,0,41.54,"13,018.66"
230,2020.11.03 07:48,close,115,0.1,0.70649,0,0,69.28,"13,087.94"
231,2020.11.03 08:00,sell,116,0.1,0.70696,0,0,,
232,2020.11.03 08:27,sell,117,0.1,0.7097,0,0,,
233,2020.11.03 09:42,sell,118,0.1,0.71245,0,0,,
234,2020.11.03 15:47,sell,119,0.1,0.71526,0,0,,
235,2020.11.03 23:03,sell,120,0.1,0.71804,0,0,,
236,2020.11.04 00:12,sell,121,0.1,0.72083,0,0,,
237,2020.11.04 02:23,close,116,0.1,0.71101,0,0,-40.51,"13,047.43"
238,2020.11.04 02:23,close,117,0.1,0.71101,0,0,-13.11,"13,034.32"
239,2020.11.04 02:23,close,118,0.1,0.71101,0,0,14.39,"13,048.71"
240,2020.11.04 02:23,close,119,0.1,0.71101,0,0,42.49,"13,091.20"
241,2020.11.04 02:23,close,120,0.1,0.71101,0,0,70.29,"13,161.49"
242,2020.11.04 02:23,close,121,0.1,0.71101,0,0,98.2,"13,259.69"
243,2020.11.05 10:00,sell,122,0.1,0.72116,0,0,,
244,2020.11.05 12:32,sell,123,0.1,0.72396,0,0,,
245,2020.11.05 15:55,sell,124,0.1,0.72678,0,0,,
246,2020.11.09 04:29,sell,125,0.1,0.7296,0,0,,
247,2020.11.09 11:52,sell,126,0.1,0.73243,0,0,,
248,2020.11.12 17:52,close,122,0.1,0.72387,0,0,-27.17,"13,232.52"
249,2020.11.12 17:52,close,123,0.1,0.72387,0,0,0.83,"13,233.35"
250,2020.11.12 17:52,close,124,0.1,0.72387,0,0,29.03,"13,262.38"
251,2020.11.12 17:52,close,125,0.1,0.72387,0,0,57.25,"13,319.63"
252,2020.11.12 17:52,close,126,0.1,0.72387,0,0,85.55,"13,405.18"
253,2020.11.16 16:00,sell,127,0.1,0.73207,0,0,,
254,2020.11.17 15:03,close,127,0.1,0.72914,0,0,29.29,"13,434.47"
255,2020.11.24 09:00,sell,128,0.1,0.73584,0,0,,
256,2020.11.24 13:59,close,128,0.1,0.73276,0,0,30.8,"13,465.27"
257,2020.12.09 09:00,sell,129,0.1,0.74689,0,0,,
258,2020.12.09 17:31,close,129,0.1,0.74389,0,0,30,"13,495.27"
259,2020.12.14 07:00,sell,130,0.1,0.75551,0,0,,
260,2020.12.15 03:21,close,130,0.1,0.75247,0,0,30.39,"13,525.66"
261,2020.12.17 08:00,sell,131,0.1,0.76185,0,0,,
262,2020.12.18 05:17,close,131,0.1,0.7588,0,0,30.49,"13,556.15"
263,2020.12.21 08:00,buy,132,0.1,0.75277,0,0,,
264,2020.12.21 09:55,buy,133,0.1,0.74983,0,0,,
265,2020.12.21 10:23,buy,134,0.1,0.74688,0,0,,
266,2020.12.21 13:50,close,132,0.1,0.75283,0,0,0.6,"13,556.75"
267,2020.12.21 13:50,close,133,0.1,0.75283,0,0,30,"13,586.75"
268,2020.12.21 13:50,close,134,0.1,0.75283,0,0,59.5,"13,646.25"
269,2020.12.30 05:00,sell,135,0.1,0.76556,0,0,,
270,2020.12.30 16:00,sell,136,0.1,0.76854,0,0,,
271,2020.12.31 08:03,sell,137,0.1,0.77153,0,0,,
272,2021.01.04 17:04,close,135,0.1,0.76546,0,0,0.95,"13,647.20"
273,2021.01.04 17:04,close,136,0.1,0.76546,0,0,30.75,"13,677.95"
274,2021.01.04 17:04,close,137,0.1,0.76546,0,0,60.68,"13,738.63"
275,2021.01.08 19:00,buy,138,0.1,0.77371,0,0,,
276,2021.01.11 01:35,buy,139,0.1,0.77068,0,0,,
277,2021.01.11 14:14,buy,140,0.1,0.76768,0,0,,
278,2021.01.12 09:48,close,138,0.1,0.77379,0,0,0.36,"13,738.99"
279,2021.01.12 09:48,close,139,0.1,0.77379,0,0,30.88,"13,769.87"
280,2021.01.12 09:48,close,140,0.1,0.77379,0,0,60.88,"13,830.75"
281,2021.01.14 17:00,sell,141,0.1,0.77889,0,0,,
282,2021.01.15 05:22,close,141,0.1,0.77577,0,0,31.19,"13,861.94"
283,2021.01.27 15:00,buy,142,0.1,0.76638,0,0,,
284,2021.01.27 17:47,close,142,0.1,0.76946,0,0,30.8,"13,892.74"
285,2021.02.02 15:00,buy,143,0.1,0.75698,0,0,,
286,2021.02.02 21:14,close,143,0.1,0.76003,0,0,30.5,"13,923.24"
287,2021.02.08 16:00,sell,144,0.1,0.77097,0,0,,
288,2021.02.09 19:55,sell,145,0.1,0.77398,0,0,,
289,2021.02.11 13:25,sell,146,0.1,0.77699,0,0,,
290,2021.02.16 01:45,sell,147,0.1,0.78004,0,0,,
291,2021.02.19 09:38,sell,148,0.1,0.78335,0,0,,
292,2021.02.19 13:49,sell,149,0.1,0.7864,0,0,,
293,2021.02.22 00:30,sell,150,0.1,0.78949,0,0,,
294,2021.02.22 18:30,sell,151,0.1,0.79257,0,0,,
295,2021.02.24 20:27,sell,152,0.1,0.79566,0,0,,
296,2021.02.25 07:59,sell,153,0.1,0.79876,0,0,,
297,2021.02.26 07:08,close,144,0.1,0.78166,0,0,-107.1,"13,816.14"
298,2021.02.26 07:08,close,145,0.1,0.78166,0,0,-76.99,"13,739.15"
299,2021.02.26 07:08,close,146,0.1,0.78166,0,0,-46.85,"13,692.30"
300,2021.02.26 07:08,close,147,0.1,0.78166,0,0,-16.32,"13,675.98"
301,2021.02.26 07:08,close,148,0.1,0.78166,0,0,16.83,"13,692.81"
302,2021.02.26 07:08,close,149,0.1,0.78166,0,0,47.33,"13,740.14"
303,2021.02.26 07:08,close,150,0.1,0.78166,0,0,78.24,"13,818.38"
304,2021.02.26 07:08,close,151,0.1,0.78166,0,0,109.04,"13,927.42"
305,2021.02.26 07:08,close,152,0.1,0.78166,0,0,139.96,"14,067.38"
306,2021.02.26 07:08,close,153,0.1,0.78166,0,0,170.99,"14,238.37"
307,2021.03.04 18:00,buy,154,0.1,0.77447,0,0,,
308,2021.03.04 18:50,buy,155,0.1,0.77146,0,0,,
309,2021.03.05 08:08,buy,156,0.1,0.76842,0,0,,
310,2021.03.05 11:17,buy,157,0.1,0.76541,0,0,,
311,2021.03.05 13:33,buy,158,0.1,0.76243,0,0,,
312,2021.03.07 23:21,close,154,0.1,0.77153,0,0,-29.62,"14,208.75"
313,2021.03.07 23:21,close,155,0.1,0.77153,0,0,0.48,"14,209.23"
314,2021.03.07 23:21,close,156,0.1,0.77153,0,0,31.1,"14,240.33"
315,2021.03.07 23:21,close,157,0.1,0.77153,0,0,61.2,"14,301.53"
316,2021.03.07 23:21,close,158,0.1,0.77153,0,0,91,"14,392.53"
317,2021.03.11 08:00,sell,159,0.1,0.77738,0,0,,
318,2021.03.11 15:18,close,159,0.1,0.77426,0,0,31.2,"14,423.73"
319,2021.03.17 20:00,sell,160,0.1,0.7793,0,0,,
320,2021.03.18 01:30,sell,161,0.1,0.78243,0,0,,
321,2021.03.18 13:40,close,160,0.1,0.77771,0,0,15.87,"14,439.60"
322,2021.03.18 13:40,close,161,0.1,0.77771,0,0,47.2,"14,486.80"
323,2021.03.19 15:00,buy,162,0.1,0.77273,0,0,,
324,2021.03.23 06:01,buy,163,0.1,0.76972,0,0,,
325,2021.03.23 11:01,buy,164,0.1,0.76673,0,0,,
326,2021.03.23 20:32,buy,165,0.1,0.76373,0,0,,
327,2021.03.24 00:46,buy,166,0.1,0.76075,0,0,,
328,2021.03.25 15:54,buy,167,0.1,0.75779,0,0,,
329,2021.04.01 05:50,buy,168,0.1,0.75482,0,0,,
330,2021.04.07 01:55,close,162,0.1,0.76682,0,0,-62.84,"14,423.96"
331,2021.04.07 01:55,close,163,0.1,0.76682,0,0,-32.3,"14,391.66"
332,2021.04.07 01:55,close,164,0.1,0.76682,0,0,-2.4,"14,389.26"
333,2021.04.07 01:55,close,165,0.1,0.76682,0,0,27.6,"14,416.86"
334,2021.04.07 01:55,close,166,0.1,0.76682,0,0,57.62,"14,474.48"
335,2021.04.07 01:55,close,167,0.1,0.76682,0,0,87.88,"14,562.36"
336,2021.04.07 01:55,close,168,0.1,0.76682,0,0,119.12,"14,681.48"
337,2021.04.30 16:00,buy,169,0.1,0.77251,0,0,,
338,2021.05.03 15:35,close,169,0.1,0.77561,0,0,30.78,"14,712.26"
339,2021.05.07 14:00,sell,170,0.1,0.78199,0,0,,
340,2021.05.07 16:32,sell,171,0.1,0.78508,0,0,,
341,2021.05.10 11:40,sell,172,0.1,0.78814,0,0,,
342,2021.05.12 02:37,close,170,0.1,0.7819,0,0,0.87,"14,713.13"
343,2021.05.12 02:37,close,171,0.1,0.7819,0,0,31.77,"14,744.90"
344,2021.05.12 02:37,close,172,0.1,0.7819,0,0,62.38,"14,807.28"
345,2021.05.12 04:00,buy,173,0.1,0.7808,0,0,,
346,2021.05.12 13:30,buy,174,0.1,0.77774,0,0,,
347,2021.05.12 15:49,buy,175,0.1,0.77471,0,0,,
348,2021.05.13 06:24,buy,176,0.1,0.7717,0,0,,
349,2021.05.18 03:04,close,173,0.1,0.77935,0,0,-15.82,"14,791.46"
350,2021.05.18 03:04,close,174,0.1,0.77935,0,0,14.78,"14,806.24"
351,2021.05.18 03:04,close,175,0.1,0.77935,0,0,45.08,"14,851.32"
352,2021.05.18 03:04,close,176,0.1,0.77935,0,0,75.84,"14,927.16"
353,2021.05.28 13:00,buy,177,0.1,0.7697,0,0,,
354,2021.05.31 03:46,close,177,0.1,0.77278,0,0,30.58,"14,957.74"
355,2021.06.01 03:00,sell,178,0.1,0.77631,0,0,,
356,2021.06.01 11:30,close,178,0.1,0.77317,0,0,31.4,"14,989.14"
357,2021.06.03 15:00,buy,179,0.1,0.76775,0,0,,
358,2021.06.03 18:09,buy,180,0.1,0.76474,0,0,,
359,2021.06.04 13:31,close,179,0.1,0.76933,0,0,15.58,"15,004.72"
360,2021.06.04 13:31,close,180,0.1,0.76933,0,0,45.68,"15,050.40"
361,2021.06.04 15:00,sell,181,0.1,0.77367,0,0,,
362,2021.06.11 08:04,sell,182,0.1,0.7767,0,0,,
363,2021.06.11 14:44,close,181,0.1,0.77206,0,0,16.03,"15,066.43"
364,2021.06.11 14:44,close,182,0.1,0.77206,0,0,46.4,"15,112.83"
365,2021.06.15 11:00,buy,183,0.1,0.7688,0,0,,
366,2021.06.16 19:01,buy,184,0.1,0.7658,0,0,,
367,2021.06.16 19:18,buy,185,0.1,0.76282,0,0,,
368,2021.06.17 01:16,buy,186,0.1,0.75983,0,0,,
369,2021.06.17 12:45,buy,187,0.1,0.75688,0,0,,
370,2021.06.18 05:59,buy,188,0.1,0.75394,0,0,,
371,2021.06.18 13:20,buy,189,0.1,0.75098,0,0,,
372,2021.06.18 15:57,buy,190,0.1,0.74806,0,0,,
373,2021.06.25 14:05,close,183,0.1,0.76143,0,0,-76.34,"15,036.49"
374,2021.06.25 14:05,close,184,0.1,0.76143,0,0,-46.12,"14,990.37"
375,2021.06.25 14:05,close,185,0.1,0.76143,0,0,-16.32,"14,974.05"
376,2021.06.25 14:05,close,186,0.1,0.76143,0,0,14.24,"14,988.29"
377,2021.06.25 14:05,close,187,0.1,0.76143,0,0,43.74,"15,032.03"
378,2021.06.25 14:05,close,188,0.1,0.76143,0,0,73.36,"15,105.39"
379,2021.06.25 14:05,close,189,0.1,0.76143,0,0,102.96,"15,208.35"
380,2021.06.25 14:05,close,190,0.1,0.76143,0,0,132.16,"15,340.51"
381,2021.06.29 10:00,buy,191,0.1,0.753,0,0,,
382,2021.06.30 09:42,buy,192,0.1,0.75004,0,0,,
383,2021.07.01 16:12,buy,193,0.1,0.74712,0,0,,
384,2021.07.02 19:09,close,191,0.1,0.75306,0,0,-0.5,"15,340.01"
385,2021.07.02 19:09,close,192,0.1,0.75306,0,0,29.32,"15,369.33"
386,2021.07.02 19:09,close,193,0.1,0.75306,0,0,59.18,"15,428.51"
387,2021.07.06 03:00,sell,194,0.1,0.75507,0,0,,
388,2021.07.06 07:01,sell,195,0.1,0.75801,0,0,,
389,2021.07.06 15:05,close,194,0.1,0.75349,0,0,15.8,"15,444.31"
390,2021.07.06 15:05,close,195,0.1,0.75349,0,0,45.2,"15,489.51"
391,2021.07.09 03:00,buy,196,0.1,0.74124,0,0,,
392,2021.07.09 08:48,close,196,0.1,0.74421,0,0,29.7,"15,519.21"
393,2021.07.21 04:00,buy,197,0.1,0.73045,0,0,,
394,2021.07.21 14:45,close,197,0.1,0.73338,0,0,29.3,"15,548.51"
395,2021.07.22 11:00,sell,198,0.1,0.73818,0,0,,
396,2021.07.26 01:48,close,198,0.1,0.73522,0,0,29.58,"15,578.09"
397,2021.08.17 08:00,buy,199,0.1,0.72837,0,0,,
398,2021.08.17 15:56,buy,200,0.1,0.72551,0,0,,
399,2021.08.19 01:12,buy,201,0.1,0.72267,0,0,,
400,2021.08.19 04:12,buy,202,0.1,0.71986,0,0,,
401,2021.08.19 08:27,buy,203,0.1,0.71707,0,0,,
402,2021.08.19 19:30,buy,204,0.1,0.71429,0,0,,
403,2021.08.20 08:24,buy,205,0.1,0.71152,0,0,,
404,2021.08.24 06:35,close,199,0.1,0.72278,0,0,-57.44,"15,520.65"
405,2021.08.24 06:35,close,200,0.1,0.72278,0,0,-28.84,"15,491.81"
406,2021.08.24 06:35,close,201,0.1,0.72278,0,0,0.44,"15,492.25"
407,2021.08.24 06:35,close,202,0.1,0.72278,0,0,28.54,"15,520.79"
408,2021.08.24 06:35,close,203,0.1,0.72278,0,0,56.44,"15,577.23"
409,2021.08.24 06:35,close,204,0.1,0.72278,0,0,84.24,"15,661.47"
410,2021.08.24 06:35,close,205,0.1,0.72278,0,0,112.16,"15,773.63"
411,2021.08.24 16:00,sell,206,0.1,0.72679,0,0,,
412,2021.08.25 07:41,close,206,0.1,0.72387,0,0,29.19,"15,802.82"
413,2021.08.27 17:00,sell,207,0.1,0.73075,0,0,,
414,2021.08.31 07:06,sell,208,0.1,0.7336,0,0,,
415,2021.09.01 14:53,sell,209,0.1,0.73647,0,0,,
416,2021.09.02 13:53,sell,210,0.1,0.73935,0,0,,
417,2021.09.03 06:58,sell,211,0.1,0.74222,0,0,,
418,2021.09.03 13:30,sell,212,0.1,0.7452,0,0,,
419,2021.09.08 09:20,close,207,0.1,0.73497,0,0,-42.3,"15,760.52"
420,2021.09.08 09:20,close,208,0.1,0.73497,0,0,-13.78,"15,746.74"
421,2021.09.08 09:20,close,209,0.1,0.73497,0,0,14.93,"15,761.67"
422,2021.09.08 09:20,close,210,0.1,0.73497,0,0,43.76,"15,805.43"
423,2021.09.08 09:20,close,211,0.1,0.73497,0,0,72.47,"15,877.90"
424,2021.09.08 09:20,close,212,0.1,0.73497,0,0,102.27,"15,980.17"
425,2021.09.16 16:00,buy,213,0.1,0.72781,0,0,,
426,2021.09.17 07:47,close,213,0.1,0.73073,0,0,28.98,"16,009.15"
427,2021.09.21 16:00,buy,214,0.1,0.72242,0,0,,
428,2021.09.22 02:08,close,214,0.1,0.72536,0,0,29.18,"16,038.33"
429,2021.09.29 14:00,buy,215,0.1,0.72077,0,0,,
430,2021.09.29 17:38,buy,216,0.1,0.71796,0,0,,
431,2021.09.30 14:44,close,215,0.1,0.72226,0,0,14.24,"16,052.57"
432,2021.09.30 14:44,close,216,0.1,0.72226,0,0,42.34,"16,094.91"
433,2021.10.01 13:00,sell,217,0.1,0.72593,0,0,,
434,2021.10.04 12:57,sell,218,0.1,0.72875,0,0,,
435,2021.10.06 08:04,close,217,0.1,0.72441,0,0,15.17,"16,110.08"
436,2021.10.06 08:04,close,218,0.1,0.72441,0,0,43.38,"16,153.46"
437,2021.10.07 17:00,sell,219,0.1,0.73204,0,0,,
438,2021.10.08 08:17,close,219,0.1,0.72911,0,0,29.29,"16,182.75"
439,2021.10.12 12:00,sell,220,0.1,0.73807,0,0,,
440,2021.10.12 15:18,close,220,0.1,0.73511,0,0,29.6,"16,212.35"
441,2021.10.14 10:00,sell,221,0.1,0.7412,0,0,,
442,2021.10.18 11:23,close,221,0.1,0.73823,0,0,29.68,"16,242.03"
443,2021.10.20 06:00,sell,222,0.1,0.74972,0,0,,
444,2021.10.21 01:45,sell,223,0.1,0.75263,0,0,,
445,2021.10.21 07:58,close,222,0.1,0.74815,0,0,15.67,"16,257.70"
446,2021.10.21 07:58,close,223,0.1,0.74815,0,0,44.8,"16,302.50"
447,2021.11.10 20:00,buy,224,0.1,0.73321,0,0,,
448,2021.11.11 02:56,buy,225,0.1,0.73034,0,0,,
449,2021.11.15 05:56,close,224,0.1,0.73471,0,0,13.9,"16,316.40"
450,2021.11.15 05:56,close,225,0.1,0.73471,0,0,43.26,"16,359.66"
451,2021.11.24 14:00,buy,226,0.1,0.71954,0,0,,
452,2021.11.26 00:13,buy,227,0.1,0.71672,0,0,,
453,2021.11.26 03:06,buy,228,0.1,0.71394,0,0,,
454,2021.11.26 21:49,buy,229,0.1,0.71115,0,0,,
455,2021.11.30 16:01,buy,230,0.1,0.70837,0,0,,
456,2021.12.01 04:55,close,226,0.1,0.71681,0,0,-28.84,"16,330.82"
457,2021.12.01 04:55,close,227,0.1,0.71681,0,0,0.24,"16,331.06"
458,2021.12.01 04:55,close,228,0.1,0.71681,0,0,28.04,"16,359.10"
459,2021.12.01 04:55,close,229,0.1,0.71681,0,0,55.94,"16,415.04"
460,2021.12.01 04:55,close,230,0.1,0.71681,0,0,84.18,"16,499.22"
461,2021.12.01 21:00,buy,231,0.1,0.70956,0,0,,
462,2021.12.03 01:31,buy,232,0.1,0.70679,0,0,,
463,2021.12.03 14:43,buy,233,0.1,0.70403,0,0,,
464,2021.12.03 16:50,buy,234,0.1,0.7013,0,0,,
465,2021.12.07 05:54,close,231,0.1,0.70826,0,0,-14.32,"16,484.90"
466,2021.12.07 05:54,close,232,0.1,0.70826,0,0,14.26,"16,499.16"
467,2021.12.07 05:54,close,233,0.1,0.70826,0,0,41.86,"16,541.02"
468,2021.12.07 05:54,close,234,0.1,0.70826,0,0,69.16,"16,610.18"
469,2021.12.07 06:00,sell,235,0.1,0.70803,0,0,,
470,2021.12.07 13:09,sell,236,0.1,0.71079,0,0,,
471,2021.12.08 02:28,sell,237,0.1,0.71356,0,0,,
472,2021.12.08 15:56,sell,238,0.1,0.71634,0,0,,
473,2021.12.14 03:37,close,235,0.1,0.70931,0,0,-12.87,"16,597.31"
474,2021.12.14 03:37,close,236,0.1,0.70931,0,0,14.73,"16,612.04"
475,2021.12.14 03:37,close,237,0.1,0.70931,0,0,42.44,"16,654.48"
476,2021.12.14 03:37,close,238,0.1,0.70931,0,0,70.24,"16,724.72"
477,2021.12.15 21:00,sell,239,0.1,0.71724,0,0,,
478,2021.12.16 09:44,sell,240,0.1,0.72002,0,0,,
479,2021.12.17 04:03,close,239,0.1,0.71575,0,0,14.86,"16,739.58"
480,2021.12.17 04:03,close,240,0.1,0.71575,0,0,42.69,"16,782.27"
481,2021.12.22 14:00,sell,241,0.1,0.71875,0,0,,
482,2021.12.22 17:08,sell,242,0.1,0.72154,0,0,,
483,2021.12.23 10:53,sell,243,0.1,0.72434,0,0,,
484,2021.12.29 15:48,sell,244,0.1,0.72718,0,0,,
485,2022.01.03 14:47,close,241,0.1,0.72006,0,0,-13.22,"16,769.05"
486,2022.01.03 14:47,close,242,0.1,0.72006,0,0,14.68,"16,783.73"
487,2022.01.03 14:47,close,243,0.1,0.72006,0,0,42.71,"16,826.44"
488,2022.01.03 14:47,close,244,0.1,0.72006,0,0,71.15,"16,897.59"
489,2022.01.03 15:00,buy,245,0.1,0.71976,0,0,,
490,2022.01.04 15:20,close,245,0.1,0.72264,0,0,28.58,"16,926.17"
491,2022.01.07 14:00,buy,246,0.1,0.71396,0,0,,
492,2022.01.07 14:44,close,246,0.1,0.71684,0,0,28.8,"16,954.97"
493,2022.01.12 14:00,sell,247,0.1,0.7249,0,0,,
494,2022.01.12 15:25,sell,248,0.1,0.72771,0,0,,
495,2022.01.13 08:03,sell,249,0.1,0.73057,0,0,,
496,2022.01.14 12:47,close,247,0.1,0.72478,0,0,1.16,"16,956.13"
497,2022.01.14 12:47,close,248,0.1,0.72478,0,0,29.26,"16,985.39"
498,2022.01.14 12:47,close,249,0.1,0.72478,0,0,57.89,"17,043.28"
499,2022.01.14 18:00,buy,250,0.1,0.72025,0,0,,
500,2022.01.18 17:31,buy,251,0.1,0.71745,0,0,,
501,2022.01.19 13:04,close,250,0.1,0.72173,0,0,14.14,"17,057.42"
502,2022.01.19 13:04,close,251,0.1,0.72173,0,0,42.58,"17,100.00"
503,2022.01.21 20:00,buy,252,0.1,0.71768,0,0,,
504,2022.01.24 09:48,buy,253,0.1,0.71487,0,0,,
505,2022.01.24 13:02,buy,254,0.1,0.7121,0,0,,
506,2022.01.24 15:10,buy,255,0.1,0.70933,0,0,,
507,2022.01.25 00:30,close,252,0.1,0.71642,0,0,-13.04,"17,086.96"
508,2022.01.25 00:30,close,253,0.1,0.71642,0,0,15.28,"17,102.24"
509,2022.01.25 00:30,close,254,0.1,0.71642,0,0,42.98,"17,145.22"
510,2022.01.25 00:30,close,255,0.1,0.71642,0,0,70.68,"17,215.90"
511,2022.01.28 11:00,buy,256,0.1,0.69829,0,0,,
512,2022.01.31 01:58,close,256,0.1,0.70113,0,0,28.18,"17,244.08"
513,2022.02.04 14:00,buy,257,0.1,0.70559,0,0,,
514,2022.02.06 22:59,close,257,0.1,0.70849,0,0,29,"17,273.08"
515,2022.02.10 16:00,sell,258,0.1,0.72364,0,0,,
516,2022.02.10 17:46,close,258,0.1,0.72073,0,0,29.1,"17,302.18"
517,2022.02.23 10:00,sell,259,0.1,0.72644,0,0,,
518,2022.02.23 16:14,close,259,0.1,0.72353,0,0,29.1,"17,331.28"
519,2022.02.24 16:00,buy,260,0.1,0.70955,0,0,,
520,2022.02.24 16:13,close,260,0.1,0.71239,0,0,28.4,"17,359.68"
521,2022.03.03 15:00,sell,261,0.1,0.7341,0,0,,
522,2022.03.03 16:12,close,261,0.1,0.73114,0,0,29.6,"17,389.28"
523,2022.03.07 02:00,sell,262,0.1,0.7426,0,0,,
524,2022.03.07 09:45,close,262,0.1,0.73962,0,0,29.8,"17,419.08"
525,2022.03.17 17:00,sell,263,0.1,0.73873,0,0,,
526,2022.03.18 18:50,sell,264,0.1,0.7416,0,0,,
527,2022.03.22 14:03,sell,265,0.1,0.74454,0,0,,
528,2022.03.22 23:32,sell,266,0.1,0.74743,0,0,,
529,2022.03.23 19:50,sell,267,0.1,0.75033,0,0,,
530,2022.03.25 07:13,sell,268,0.1,0.75328,0,0,,
531,2022.04.05 05:30,sell,269,0.1,0.75624,0,0,,
532,2022.04.05 05:41,sell,270,0.1,0.75922,0,0,,
533,2022.04.05 07:53,sell,271,0.1,0.76225,0,0,,
534,2022.04.05 14:44,sell,272,0.1,0.76521,0,0,,
535,2022.04.06 19:22,close,263,0.1,0.74878,0,0,-100.68,"17,318.40"
536,2022.04.06 19:22,close,264,0.1,0.74878,0,0,-71.97,"17,246.43"
537,2022.04.06 19:22,close,265,0.1,0.74878,0,0,-42.55,"17,203.88"
538,2022.04.06 19:22,close,266,0.1,0.74878,0,0,-13.65,"17,190.23"
539,2022.04.06 19:22,close,267,0.1,0.74878,0,0,15.36,"17,205.59"
540,2022.04.06 19:22,close,268,0.1,0.74878,0,0,44.9,"17,250.49"
541,2022.04.06 19:22,close,269,0.1,0.74878,0,0,74.59,"17,325.08"
542,2022.04.06 19:22,close,270,0.1,0.74878,0,0,104.39,"17,429.47"
543,2022.04.06 19:22,close,271,0.1,0.74878,0,0,134.69,"17,564.16"
544,2022.04.06 19:22,close,272,0.1,0.74878,0,0,164.29,"17,728.45"
545,2022.04.08 09:00,buy,273,0.1,0.74614,0,0,,
546,2022.04.08 14:25,buy,274,0.1,0.74324,0,0,,
547,2022.04.12 02:09,buy,275,0.1,0.74034,0,0,,
548,2022.04.12 13:41,close,273,0.1,0.74622,0,0,0.36,"17,728.81"
549,2022.04.12 13:41,close,274,0.1,0.74622,0,0,29.36,"17,758.17"
550,2022.04.12 13:41,close,275,0.1,0.74622,0,0,58.8,"17,816.97"
551,2022.04.14 17:00,buy,276,0.1,0.74041,0,0,,
552,2022.04.18 03:51,buy,277,0.1,0.7375,0,0,,
553,2022.04.18 20:36,buy,278,0.1,0.73464,0,0,,
554,2022.04.20 02:59,close,276,0.1,0.74048,0,0,-0.18,"17,816.79"
555,2022.04.20 02:59,close,277,0.1,0.74048,0,0,29.36,"17,846.15"
556,2022.04.20 02:59,close,278,0.1,0.74048,0,0,57.96,"17,904.11"
557,2022.04.21 17:00,buy,279,0.1,0.73766,0,0,,
558,2022.04.22 04:03,buy,280,0.1,0.73425,0,0,,
559,2022.04.22 07:59,buy,281,0.1,0.7314,0,0,,
560,2022.04.22 14:21,buy,282,0.1,0.72856,0,0,,
561,2022.04.22 15:35,buy,283,0.1,0.72573,0,0,,
562,2022.04.25 01:01,buy,284,0.1,0.72291,0,0,,
563,2022.04.25 02:31,buy,285,0.1,0.7201,0,0,,
564,2022.04.25 05:46,buy,286,0.1,0.71723,0,0,,
565,2022.04.25 11:12,buy,287,0.1,0.71443,0,0,,
566,2022.04.27 14:29,buy,288,0.1,0.71164,0,0,,
567,2022.06.03 01:30,close,279,0.1,0.72731,0,0,-112.96,"17,791.15"
568,2022.06.03 01:30,close,280,0.1,0.72731,0,0,-78.64,"17,712.51"
569,2022.06.03 01:30,close,281,0.1,0.72731,0,0,-50.14,"17,662.37"
570,2022.06.03 01:30,close,282,0.1,0.72731,0,0,-21.74,"17,640.63"
571,2022.06.03 01:30,close,283,0.1,0.72731,0,0,6.56,"17,647.19"
572,2022.06.03 01:30,close,284,0.1,0.72731,0,0,34.98,"17,682.17"
573,2022.06.03 01:30,close,285,0.1,0.72731,0,0,63.08,"17,745.25"
574,2022.06.03 01:30,close,286,0.1,0.72731,0,0,91.78,"17,837.03"
575,2022.06.03 01:30,close,287,0.1,0.72731,0,0,119.78,"17,956.81"
576,2022.06.03 01:30,close,288,0.1,0.72731,0,0,148.12,"18,104.93"
577,2022.06.09 15:00,buy,289,0.1,0.71478,0,0,,
578,2022.06.09 15:15,buy,290,0.1,0.71201,0,0,,
579,2022.06.10 01:10,buy,291,0.1,0.70925,0,0,,
580,2022.06.10 14:21,buy,292,0.1,0.70647,0,0,,
581,2022.06.12 22:00,buy,293,0.1,0.70361,0,0,,
582,2022.06.13 02:04,buy,294,0.1,0.70088,0,0,,
583,2022.06.13 10:15,buy,295,0.1,0.69816,0,0,,
584,2022.06.13 15:17,buy,296,0.1,0.69537,0,0,,
585,2022.06.13 15:50,buy,297,0.1,0.69266,0,0,,
586,2022.06.14 11:25,buy,298,0.1,0.68997,0,0,,
587,2022.06.16 18:28,close,289,0.1,0.70514,0,0,-97.94,"18,006.99"
588,2022.06.16 18:28,close,290,0.1,0.70514,0,0,-70.24,"17,936.75"
589,2022.06.16 18:28,close,291,0.1,0.70514,0,0,-42.42,"17,894.33"
590,2022.06.16 18:28,close,292,0.1,0.70514,0,0,-14.62,"17,879.71"
591,2022.06.16 18:28,close,293,0.1,0.70514,0,0,13.98,"17,893.69"
592,2022.06.16 18:28,close,294,0.1,0.70514,0,0,41.5,"17,935.19"
593,2022.06.16 18:28,close,295,0.1,0.70514,0,0,68.7,"18,003.89"
594,2022.06.16 18:28,close,296,0.1,0.70514,0,0,96.6,"18,100.49"
595,2022.06.16 18:28,close,297,0.1,0.70514,0,0,123.7,"18,224.19"
596,2022.06.16 18:28,close,298,0.1,0.70514,0,0,150.82,"18,375.01"
597,2022.06.17 16:00,buy,299,0.1,0.69059,0,0,,
598,2022.06.17 18:05,close,299,0.1,0.6934,0,0,28.1,"18,403.11"
599,2022.06.29 11:00,buy,300,0.1,0.6864,0,0,,
600,2022.06.29 12:31,close,300,0.1,0.68916,0,0,27.6,"18,430.71"
601,2022.07.01 05:00,buy,301,0.1,0.68324,0,0,,
602,2022.07.01 08:16,buy,302,0.1,0.68059,0,0,,
603,2022.07.01 12:55,buy,303,0.1,0.67789,0,0,,
604,2022.07.04 06:58,close,301,0.1,0.6833,0,0,0.38,"18,431.09"
605,2022.07.04 06:58,close,302,0.1,0.6833,0,0,26.88,"18,457.97"
606,2022.07.04 06:58,close,303,0.1,0.6833,0,0,53.88,"18,511.85"
607,2022.07.06 16:00,buy,304,0.1,0.67747,0,0,,
608,2022.07.07 03:08,close,304,0.1,0.68018,0,0,26.44,"18,538.29"
609,2022.07.11 14:00,buy,305,0.1,0.67422,0,0,,
610,2022.07.11 14:49,buy,306,0.1,0.6716,0,0,,
611,2022.07.12 14:33,close,305,0.1,0.67561,0,0,13.68,"18,551.97"
612,2022.07.12 14:33,close,306,0.1,0.67561,0,0,39.88,"18,591.85"
613,2022.07.19 09:00,sell,307,0.1,0.6879,0,0,,
614,2022.07.19 15:13,sell,308,0.1,0.69059,0,0,,
615,2022.07.21 09:09,close,307,0.1,0.68648,0,0,14.16,"18,606.01"
616,2022.07.21 09:09,close,308,0.1,0.68648,0,0,41.06,"18,647.07"
617,2022.07.22 15:00,sell,309,0.1,0.69628,0,0,,
618,2022.07.22 18:28,close,309,0.1,0.69349,0,0,27.9,"18,674.97"
619,2022.07.27 20:00,sell,310,0.1,0.69946,0,0,,
620,2022.07.28 12:21,close,310,0.1,0.69662,0,0,28.37,"18,703.34"
621,2022.08.01 11:00,sell,311,0.1,0.70332,0,0,,
622,2022.08.02 05:30,close,311,0.1,0.70049,0,0,28.29,"18,731.63"
623,2022.08.05 15:00,buy,312,0.1,0.68951,0,0,,
624,2022.08.08 02:56,close,312,0.1,0.69227,0,0,27.38,"18,759.01"
625,2022.08.08 09:00,sell,313,0.1,0.69688,0,0,,
626,2022.08.08 15:17,sell,314,0.1,0.69959,0,0,,
627,2022.08.09 19:28,close,313,0.1,0.69544,0,0,14.39,"18,773.40"
628,2022.08.09 19:28,close,314,0.1,0.69544,0,0,41.49,"18,814.89"
629,2022.08.10 14:00,sell,315,0.1,0.70507,0,0,,
630,2022.08.10 15:03,sell,316,0.1,0.70781,0,0,,
631,2022.08.10 17:12,sell,317,0.1,0.71066,0,0,,
632,2022.08.11 14:51,sell,318,0.1,0.71344,0,0,,
633,2022.08.15 08:53,close,315,0.1,0.70638,0,0,-13.15,"18,801.74"
634,2022.08.15 08:53,close,316,0.1,0.70638,0,0,14.25,"18,815.99"
635,2022.08.15 08:53,close,317,0.1,0.70638,0,0,42.75,"18,858.74"
636,2022.08.15 08:53,close,318,0.1,0.70638,0,0,70.58,"18,929.32"
637,2022.08.15 10:00,buy,319,0.1,0.7045,0,0,,
638,2022.08.15 13:41,buy,320,0.1,0.70177,0,0,,
639,2022.08.17 02:37,buy,321,0.1,0.69904,0,0,,
640,2022.08.17 11:14,buy,322,0.1,0.69633,0,0,,
641,2022.08.17 12:30,buy,323,0.1,0.69363,0,0,,
642,2022.08.18 07:41,buy,324,0.1,0.69094,0,0,,
643,2022.08.19 12:33,buy,325,0.1,0.68826,0,0,,
644,2022.08.26 13:30,close,319,0.1,0.69917,0,0,-56.16,"18,873.16"
645,2022.08.26 13:30,close,320,0.1,0.69917,0,0,-28.86,"18,844.30"
646,2022.08.26 13:30,close,321,0.1,0.69917,0,0,-1.12,"18,843.18"
647,2022.08.26 13:30,close,322,0.1,0.69917,0,0,25.98,"18,869.16"
648,2022.08.26 13:30,close,323,0.1,0.69917,0,0,52.98,"18,922.14"
649,2022.08.26 13:30,close,324,0.1,0.69917,0,0,80.54,"19,002.68"
650,2022.08.26 13:30,close,325,0.1,0.69917,0,0,107.56,"19,110.24"
651,2022.09.01 16:00,buy,326,0.1,0.67813,0,0,,
652,2022.09.02 10:30,close,326,0.1,0.68085,0,0,26.98,"19,137.22"
653,2022.09.02 16:00,sell,327,0.1,0.68478,0,0,,
654,2022.09.02 17:25,close,327,0.1,0.68204,0,0,27.4,"19,164.62"
655,2022.09.09 02:00,sell,328,0.1,0.6784,0,0,,
656,2022.09.09 03:32,sell,329,0.1,0.68104,0,0,,
657,2022.09.09 06:17,sell,330,0.1,0.68368,0,0,,
658,2022.09.09 08:29,sell,331,0.1,0.68635,0,0,,
659,2022.09.12 17:47,sell,332,0.1,0.68904,0,0,,
660,2022.09.13 13:51,close,328,0.1,0.68094,0,0,-25.42,"19,139.20"
661,2022.09.13 13:51,close,329,0.1,0.68094,0,0,0.98,"19,140.18"
662,2022.09.13 13:51,close,330,0.1,0.68094,0,0,27.38,"19,167.56"
663,2022.09.13 13:51,close,331,0.1,0.68094,0,0,54.08,"19,221.64"
664,2022.09.13 13:51,close,332,0.1,0.68094,0,0,80.99,"19,302.63"
665,2022.09.15 12:00,buy,333,0.1,0.67282,0,0,,
666,2022.09.15 20:00,buy,334,0.1,0.6702,0,0,,
667,2022.09.16 08:48,buy,335,0.1,0.6676,0,0,,
668,2022.09.18 23:54,close,333,0.1,0.67291,0,0,0.68,"19,303.31"
669,2022.09.18 23:54,close,334,0.1,0.67291,0,0,26.88,"19,330.19"
670,2022.09.18 23:54,close,335,0.1,0.67291,0,0,53.1,"19,383.29"
671,2022.09.21 08:00,buy,336,0.1,0.66597,0,0,,
672,2022.09.21 19:01,buy,337,0.1,0.66338,0,0,,
673,2022.09.21 19:35,close,336,0.1,0.66734,0,0,13.7,"19,396.99"
674,2022.09.21 19:35,close,337,0.1,0.66734,0,0,39.6,"19,436.59"
675,2022.09.22 02:00,buy,338,0.1,0.659,0,0,,
676,2022.09.22 09:03,close,338,0.1,0.66168,0,0,26.8,"19,463.39"
677,2022.09.27 18:00,buy,339,0.1,0.64231,0,0,,
678,2022.09.28 03:06,buy,340,0.1,0.63983,0,0,,
679,2022.09.28 07:56,buy,341,0.1,0.63736,0,0,,
680,2022.09.28 11:17,close,339,0.1,0.64242,0,0,0.88,"19,464.27"
681,2022.09.28 11:17,close,340,0.1,0.64242,0,0,25.9,"19,490.17"
682,2022.09.28 11:17,close,341,0.1,0.64242,0,0,50.6,"19,540.77"
683,2022.09.28 17:00,sell,342,0.1,0.65103,0,0,,
684,2022.09.29 03:05,close,342,0.1,0.64839,0,0,26.37,"19,567.14"
685,2022.10.07 14:00,buy,343,0.1,0.63856,0,0,,
686,2022.10.07 15:54,close,343,0.1,0.64113,0,0,25.7,"19,592.84"
687,2022.10.13 14:00,buy,344,0.1,0.62046,0,0,,
688,2022.10.13 14:19,buy,345,0.1,0.61806,0,0,,
689,2022.10.13 14:50,close,344,0.1,0.62174,0,0,12.8,"19,605.64"
690,2022.10.13 14:50,close,345,0.1,0.62174,0,0,36.8,"19,642.44"
691,2022.10.13 15:00,buy,346,0.1,0.6219,0,0,,
692,2022.10.13 15:27,buy,347,0.1,0.6195,0,0,,
693,2022.10.13 16:08,close,346,0.1,0.62319,0,0,12.9,"19,655.34"
694,2022.10.13 16:08,close,347,0.1,0.62319,0,0,36.9,"19,692.24"
695,2022.10.18 14:00,sell,348,0.1,0.6334,0,0,,
696,2022.10.18 15:15,close,348,0.1,0.63086,0,0,25.4,"19,717.64"
697,2022.10.20 16:00,sell,349,0.1,0.63534,0,0,,
698,2022.10.20 17:07,close,349,0.1,0.63277,0,0,25.7,"19,743.34"
699,2022.10.21 15:00,sell,350,0.1,0.63166,0,0,,
700,2022.10.21 15:28,close,350,0.1,0.62913,0,0,25.3,"19,768.64"
701,2022.10.21 17:00,sell,351,0.1,0.63653,0,0,,
702,2022.10.21 17:20,close,351,0.1,0.63398,0,0,25.5,"19,794.14"
703,2022.10.25 15:00,sell,352,0.1,0.63933,0,0,,
704,2022.10.26 07:12,sell,353,0.1,0.6418,0,0,,
705,2022.10.26 08:19,sell,354,0.1,0.64428,0,0,,
706,2022.10.26 08:44,sell,355,0.1,0.64679,0,0,,
707,2022.10.26 10:00,sell,356,0.1,0.64931,0,0,,
708,2022.10.27 06:44,sell,357,0.1,0.65183,0,0,,
709,2022.10.27 13:14,close,352,0.1,0.64297,0,0,-36.44,"19,757.70"
710,2022.10.27 13:14,close,353,0.1,0.64297,0,0,-11.73,"19,745.97"
711,2022.10.27 13:14,close,354,0.1,0.64297,0,0,13.07,"19,759.04"
712,2022.10.27 13:14,close,355,0.1,0.64297,0,0,38.17,"19,797.21"
713,2022.10.27 13:14,close,356,0.1,0.64297,0,0,63.37,"19,860.58"
714,2022.10.27 13:14,close,357,0.1,0.64297,0,0,88.6,"19,949.18"
715,2022.10.31 14:00,buy,358,0.1,0.63783,0,0,,
716,2022.10.31 23:40,close,358,0.1,0.6404,0,0,25.7,"19,974.88"
717,2022.11.02 21:00,buy,359,0.1,0.63597,0,0,,
718,2022.11.03 00:20,buy,360,0.1,0.63351,0,0,,
719,2022.11.03 08:43,buy,361,0.1,0.63104,0,0,,
720,2022.11.03 10:50,buy,362,0.1,0.62856,0,0,,
721,2022.11.04 05:50,close,359,0.1,0.63481,0,0,-12.48,"19,962.40"
722,2022.11.04 05:50,close,360,0.1,0.63481,0,0,12.78,"19,975.18"
723,2022.11.04 05:50,close,361,0.1,0.63481,0,0,37.48,"20,012.66"
724,2022.11.04 05:50,close,362,0.1,0.63481,0,0,62.28,"20,074.94"
725,2022.11.08 16:00,sell,363,0.1,0.65317,0,0,,
726,2022.11.08 18:27,close,363,0.1,0.65052,0,0,26.5,"20,101.44"
727,2022.11.15 08:00,sell,364,0.1,0.67608,0,0,,
728,2022.11.15 13:36,sell,365,0.1,0.67871,0,0,,
729,2022.11.15 13:52,close,364,0.1,0.67465,0,0,14.3,"20,115.74"
730,2022.11.15 13:52,close,365,0.1,0.67465,0,0,40.6,"20,156.34"
731,2022.11.17 11:00,buy,366,0.1,0.66724,0,0,,
732,2022.11.17 12:46,buy,367,0.1,0.66459,0,0,,
733,2022.11.17 18:12,close,366,0.1,0.66859,0,0,13.5,"20,169.84"
734,2022.11.17 18:12,close,367,0.1,0.66859,0,0,40,"20,209.84"
735,2022.11.23 08:00,sell,368,0.1,0.66629,0,0,,
736,2022.11.23 14:46,sell,369,0.1,0.66888,0,0,,
737,2022.11.23 15:46,sell,370,0.1,0.67149,0,0,,
738,2022.11.23 23:19,sell,371,0.1,0.6741,0,0,,
739,2022.11.24 03:59,sell,372,0.1,0.67671,0,0,,
740,2022.11.28 01:21,close,368,0.1,0.66871,0,0,-24.25,"20,185.59"
741,2022.11.28 01:21,close,369,0.1,0.66871,0,0,1.65,"20,187.24"
742,2022.11.28 01:21,close,370,0.1,0.66871,0,0,27.75,"20,214.99"
743,2022.11.28 01:21,close,371,0.1,0.66871,0,0,53.85,"20,268.84"
744,2022.11.28 01:21,close,372,0.1,0.66871,0,0,79.98,"20,348.82"
745,2022.11.28 02:00,buy,373,0.1,0.66722,0,0,,
746,2022.11.28 08:29,close,373,0.1,0.66989,0,0,26.7,"20,375.52"
747,2022.11.28 20:00,buy,374,0.1,0.66467,0,0,,
748,2022.11.29 02:18,close,374,0.1,0.66733,0,0,26.38,"20,401.90"
749,2022.11.30 19:00,sell,375,0.1,0.67641,0,0,,
750,2022.11.30 20:10,sell,376,0.1,0.67903,0,0,,
751,2022.12.01 05:17,sell,377,0.1,0.68168,0,0,,
752,2022.12.01 15:00,sell,378,0.1,0.68433,0,0,,
753,2022.12.02 13:30,close,375,0.1,0.67754,0,0,-11.34,"20,390.56"
754,2022.12.02 13:30,close,376,0.1,0.67754,0,0,14.86,"20,405.42"
755,2022.12.02 13:30,close,377,0.1,0.67754,0,0,41.39,"20,446.81"
756,2022.12.02 13:30,close,378,0.1,0.67754,0,0,67.89,"20,514.70"
757,2022.12.05 16:00,buy,379,0.1,0.67479,0,0,,
758,2022.12.05 16:41,buy,380,0.1,0.67218,0,0,,
759,2022.12.05 19:40,buy,381,0.1,0.66953,0,0,,
760,2022.12.07 12:00,buy,382,0.1,0.66693,0,0,,
761,2022.12.07 18:01,close,379,0.1,0.67355,0,0,-12.84,"20,501.86"
762,2022.12.07 18:01,close,380,0.1,0.67355,0,0,13.26,"20,515.12"
763,2022.12.07 18:01,close,381,0.1,0.67355,0,0,39.76,"20,554.88"
764,2022.12.07 18:01,close,382,0.1,0.67355,0,0,66.2,"20,621.08"
765,2022.12.08 14:00,sell,383,0.1,0.67624,0,0,,
766,2022.12.09 01:14,sell,384,0.1,0.67886,0,0,,
767,2022.12.09 13:30,close,383,0.1,0.67483,0,0,14.09,"20,635.17"
768,2022.12.09 13:30,close,384,0.1,0.67483,0,0,40.3,"20,675.47"
769,2022.12.13 14:00,sell,385,0.1,0.68652,0,0,,
770,2022.12.13 14:48,sell,386,0.1,0.68918,0,0,,
771,2022.12.13 18:53,close,385,0.1,0.68509,0,0,14.3,"20,689.77"
772,2022.12.13 18:53,close,386,0.1,0.68509,0,0,40.9,"20,730.67"
773,2022.12.20 05:00,buy,387,0.1,0.66591,0,0,,
774,2022.12.20 05:36,buy,388,0.1,0.66333,0,0,,
775,2022.12.20 08:16,close,387,0.1,0.66728,0,0,13.7,"20,744.37"
776,2022.12.20 08:16,close,388,0.1,0.66728,0,0,39.5,"20,783.87"
777,2022.12.27 00:00,sell,389,0.1,0.67433,0,0,,
778,2022.12.27 06:47,sell,390,0.1,0.67695,0,0,,
779,2022.12.27 14:13,close,389,0.1,0.67293,0,0,14,"20,797.87"
780,2022.12.27 14:13,close,390,0.1,0.67293,0,0,40.2,"20,838.07"
781,2023.01.03 09:00,buy,391,0.1,0.67128,0,0,,
782,2023.01.03 14:10,close,391,0.1,0.67397,0,0,26.9,"20,864.97"
783,2023.01.04 08:00,sell,392,0.1,0.68412,0,0,,
784,2023.01.04 08:14,sell,393,0.1,0.68681,0,0,,
785,2023.01.04 19:00,close,392,0.1,0.68271,0,0,14.1,"20,879.07"
786,2023.01.04 19:00,close,393,0.1,0.68271,0,0,41,"20,920.07"
787,2023.01.06 16:00,sell,394,0.1,0.68399,0,0,,
788,2023.01.06 16:40,sell,395,0.1,0.68665,0,0,,
789,2023.01.08 23:36,sell,396,0.1,0.68933,0,0,,
790,2023.01.09 02:46,sell,397,0.1,0.692,0,0,,
791,2023.01.09 15:02,sell,398,0.1,0.69469,0,0,,
792,2023.01.10 12:42,close,394,0.1,0.68656,0,0,-25.72,"20,894.35"
793,2023.01.10 12:42,close,395,0.1,0.68656,0,0,0.88,"20,895.23"
794,2023.01.10 12:42,close,396,0.1,0.68656,0,0,27.68,"20,922.91"
795,2023.01.10 12:42,close,397,0.1,0.68656,0,0,54.39,"20,977.30"
796,2023.01.10 12:42,close,398,0.1,0.68656,0,0,81.29,"21,058.59"
797,2023.01.12 14:00,sell,399,0.1,0.69806,0,0,,
798,2023.01.12 14:14,close,399,0.1,0.69526,0,0,28,"21,086.59"
799,2023.01.23 16:00,sell,400,0.1,0.70314,0,0,,
800,2023.01.24 14:58,close,400,0.1,0.7003,0,0,28.39,"21,114.98"
801,2023.01.31 09:00,buy,401,0.1,0.70064,0,0,,
802,2023.01.31 15:18,close,401,0.1,0.70347,0,0,28.3,"21,143.28"
803,2023.02.01 20:00,sell,402,0.1,0.71224,0,0,,
804,2023.02.01 23:12,sell,403,0.1,0.71501,0,0,,
805,2023.02.02 14:43,close,402,0.1,0.71073,0,0,15.07,"21,158.35"
806,2023.02.02 14:43,close,403,0.1,0.71073,0,0,42.77,"21,201.12"
807,2023.02.03 14:00,buy,404,0.1,0.69784,0,0,,
808,2023.02.03 15:00,buy,405,0.1,0.69513,0,0,,
809,2023.02.03 19:58,buy,406,0.1,0.69243,0,0,,
810,2023.02.05 22:00,buy,407,0.1,0.68933,0,0,,
811,2023.02.06 15:19,buy,408,0.1,0.68666,0,0,,
812,2023.02.07 03:30,close,404,0.1,0.69505,0,0,-28.34,"21,172.78"
813,2023.02.07 03:30,close,405,0.1,0.69505,0,0,-1.24,"21,171.54"
814,2023.02.07 03:30,close,406,0.1,0.69505,0,0,25.76,"21,197.30"
815,2023.02.07 03:30,close,407,0.1,0.69505,0,0,56.76,"21,254.06"
816,2023.02.07 03:30,close,408,0.1,0.69505,0,0,83.68,"21,337.74"
817,2023.02.07 18:00,sell,409,0.1,0.69796,0,0,,
818,2023.02.07 18:14,close,409,0.1,0.69516,0,0,28,"21,365.74"
819,2023.02.14 13:00,sell,410,0.1,0.69851,0,0,,
820,2023.02.14 13:30,close,410,0.1,0.69546,0,0,30.5,"21,396.24"
821,2023.02.14 14:00,sell,411,0.1,0.69939,0,0,,
822,2023.02.14 14:10,close,411,0.1,0.69659,0,0,28,"21,424.24"
823,2023.02.22 20:00,buy,412,0.1,0.67954,0,0,,
824,2023.02.23 01:01,close,412,0.1,0.68227,0,0,26.64,"21,450.88"
825,2023.02.23 17:00,buy,413,0.1,0.67869,0,0,,
826,2023.02.23 20:41,close,413,0.1,0.68142,0,0,27.3,"21,478.18"
827,2023.02.24 13:00,buy,414,0.1,0.67509,0,0,,
828,2023.02.24 14:21,buy,415,0.1,0.67247,0,0,,
829,2023.02.27 06:44,buy,416,0.1,0.66987,0,0,,
830,2023.02.28 16:05,close,414,0.1,0.67518,0,0,0.46,"21,478.64"
831,2023.02.28 16:05,close,415,0.1,0.67518,0,0,26.66,"21,505.30"
832,2023.02.28 16:05,close,416,0.1,0.67518,0,0,52.88,"21,558.18"
833,2023.03.02 14:00,buy,417,0.1,0.6709,0,0,,
834,2023.03.02 15:01,close,417,0.1,0.67364,0,0,27.4,"21,585.58"
835,2023.03.07 09:00,buy,418,0.1,0.6684,0,0,,
836,2023.03.07 14:01,buy,419,0.1,0.6658,0,0,,
837,2023.03.07 15:01,buy,420,0.1,0.66322,0,0,,
838,2023.03.07 15:09,buy,421,0.1,0.66065,0,0,,
839,2023.03.07 21:55,buy,422,0.1,0.65809,0,0,,
840,2023.03.13 03:33,close,418,0.1,0.66589,0,0,-26.42,"21,559.16"
841,2023.03.13 03:33,close,419,0.1,0.66589,0,0,-0.42,"21,558.74"
842,2023.03.13 03:33,close,420,0.1,0.66589,0,0,25.38,"21,584.12"
843,2023.03.13 03:33,close,421,0.1,0.66589,0,0,51.08,"21,635.20"
844,2023.03.13 03:33,close,422,0.1,0.66589,0,0,76.68,"21,711.88"
845,2023.03.13 04:00,sell,423,0.1,0.66656,0,0,,
846,2023.03.13 10:22,close,423,0.1,0.66387,0,0,26.9,"21,738.78"
847,2023.03.17 03:00,sell,424,0.1,0.66819,0,0,,
848,2023.03.17 04:24,sell,425,0.1,0.67078,0,0,,
849,2023.03.20 10:18,close,424,0.1,0.66679,0,0,13.99,"21,752.77"
850,2023.03.20 10:18,close,425,0.1,0.66679,0,0,39.89,"21,792.66"
851,2023.03.22 20:00,sell,426,0.1,0.67267,0,0,,
852,2023.03.22 20:08,close,426,0.1,0.66997,0,0,27,"21,819.66"
853,2023.04.03 13:00,sell,427,0.1,0.67619,0,0,,
854,2023.04.03 17:17,sell,428,0.1,0.67882,0,0,,
855,2023.04.04 08:34,close,427,0.1,0.67479,0,0,13.99,"21,833.65"
856,2023.04.04 08:34,close,428,0.1,0.67479,0,0,40.29,"21,873.94"
857,2023.04.05 10:00,buy,429,0.1,0.66983,0,0,,
858,2023.04.05 15:00,close,429,0.1,0.67261,0,0,27.8,"21,901.74"
859,2023.04.06 14:00,buy,430,0.1,0.66706,0,0,,
860,2023.04.07 13:37,buy,431,0.1,0.6644,0,0,,
861,2023.04.12 13:30,close,430,0.1,0.66842,0,0,12.72,"21,914.46"
862,2023.04.12 13:30,close,431,0.1,0.66842,0,0,39.54,"21,954.00"
863,2023.04.12 14:00,sell,432,0.1,0.67056,0,0,,
864,2023.04.12 16:08,close,432,0.1,0.66785,0,0,27.1,"21,981.10"
865,2023.04.13 14:00,sell,433,0.1,0.67562,0,0,,
866,2023.04.13 17:51,sell,434,0.1,0.67824,0,0,,
867,2023.04.14 15:07,close,433,0.1,0.67418,0,0,14.39,"21,995.49"
868,2023.04.14 15:07,close,434,0.1,0.67418,0,0,40.59,"22,036.08"
869,2023.04.17 15:00,buy,435,0.1,0.66881,0,0,,
870,2023.04.18 03:00,close,435,0.1,0.67155,0,0,27.18,"22,063.26"
871,2023.04.20 16:00,sell,436,0.1,0.67656,0,0,,
872,2023.04.20 19:43,close,436,0.1,0.67385,0,0,27.1,"22,090.36"
873,2023.04.21 08:00,buy,437,0.1,0.66883,0,0,,
874,2023.04.25 08:42,buy,438,0.1,0.66622,0,0,,
875,2023.04.25 14:45,buy,439,0.1,0.66362,0,0,,
876,2023.04.26 04:54,buy,440,0.1,0.66105,0,0,,
877,2023.04.28 08:17,buy,441,0.1,0.65849,0,0,,
878,2023.05.01 14:28,close,437,0.1,0.6663,0,0,-27.06,"22,063.30"
879,2023.05.01 14:28,close,438,0.1,0.6663,0,0,-0.52,"22,062.78"
880,2023.05.01 14:28,close,439,0.1,0.6663,0,0,25.48,"22,088.26"
881,2023.05.01 14:28,close,440,0.1,0.6663,0,0,51.4,"22,139.66"
882,2023.05.01 14:28,close,441,0.1,0.6663,0,0,77.88,"22,217.54"
883,2023.05.02 06:00,sell,442,0.1,0.66933,0,0,,
884,2023.05.02 15:52,close,442,0.1,0.66664,0,0,26.9,"22,244.44"
885,2023.05.12 17:00,buy,443,0.1,0.66488,0,0,,
886,2023.05.15 06:27,close,443,0.1,0.66755,0,0,26.48,"22,270.92"
887,2023.05.18 15:00,buy,444,0.1,0.66103,0,0,,
888,2023.05.19 03:56,close,444,0.1,0.66368,0,0,26.28,"22,297.20"
889,2023.05.24 08:00,buy,445,0.1,0.65833,0,0,,
890,2023.05.24 14:42,buy,446,0.1,0.65573,0,0,,
891,2023.05.24 15:55,buy,447,0.1,0.65319,0,0,,
892,2023.05.25 14:44,buy,448,0.1,0.65066,0,0,,
893,2023.05.31 08:12,buy,449,0.1,0.64814,0,0,,
894,2023.06.01 16:04,close,445,0.1,0.65583,0,0,-27.2,"22,270.00"
895,2023.06.01 16:04,close,446,0.1,0.65583,0,0,-1.2,"22,268.80"
896,2023.06.01 16:04,close,447,0.1,0.65583,0,0,24.2,"22,293.00"
897,2023.06.01 16:04,close,448,0.1,0.65583,0,0,50.16,"22,343.16"
898,2023.06.01 16:04,close,449,0.1,0.65583,0,0,76.24,"22,419.40"
899,2023.06.01 17:00,sell,450,0.1,0.65758,0,0,,
900,2023.06.02 03:22,sell,451,0.1,0.66014,0,0,,
901,2023.06.02 09:55,sell,452,0.1,0.6627,0,0,,
902,2023.06.06 05:30,sell,453,0.1,0.66537,0,0,,
903,2023.06.06 06:14,sell,454,0.1,0.66796,0,0,,
904,2023.06.07 14:53,sell,455,0.1,0.67055,0,0,,
905,2023.06.09 13:16,sell,456,0.1,0.67317,0,0,,
906,2023.06.12 08:52,sell,457,0.1,0.67579,0,0,,
907,2023.06.13 08:37,sell,458,0.1,0.67841,0,0,,
908,2023.06.14 14:11,sell,459,0.1,0.68104,0,0,,
909,2023.06.23 13:41,close,450,0.1,0.66659,0,0,-90.32,"22,329.08"
910,2023.06.23 13:41,close,451,0.1,0.66659,0,0,-64.71,"22,264.37"
911,2023.06.23 13:41,close,452,0.1,0.66659,0,0,-39.11,"22,225.26"
912,2023.06.23 13:41,close,453,0.1,0.66659,0,0,-12.39,"22,212.87"
913,2023.06.23 13:41,close,454,0.1,0.66659,0,0,13.51,"22,226.38"
914,2023.06.23 13:41,close,455,0.1,0.66659,0,0,39.42,"22,265.80"
915,2023.06.23 13:41,close,456,0.1,0.66659,0,0,65.66,"22,331.46"
916,2023.06.23 13:41,close,457,0.1,0.66659,0,0,91.87,"22,423.33"
917,2023.06.23 13:41,close,458,0.1,0.66659,0,0,118.08,"22,541.41"
918,2023.06.23 13:41,close,459,0.1,0.66659,0,0,144.39,"22,685.80"
919,2023.06.26 22:04,buy,460,0.1,0.66629,0,0,,
920,2023.06.27 02:19,close,460,0.1,0.66897,0,0,26.58,"22,712.38"
921,2023.06.28 03:00,buy,461,0.1,0.66315,0,0,,
922,2023.06.28 13:52,buy,462,0.1,0.66057,0,0,,
923,2023.06.30 13:34,close,461,0.1,0.66452,0,0,12.82,"22,725.20"
924,2023.06.30 13:34,close,462,0.1,0.66452,0,0,38.62,"22,763.82"
925,2023.07.06 16:00,buy,463,0.1,0.66162,0,0,,
926,2023.07.07 06:20,close,463,0.1,0.66427,0,0,26.28,"22,790.10"
927,2023.07.07 16:00,sell,464,0.1,0.66826,0,0,,
928,2023.07.10 06:55,close,464,0.1,0.66558,0,0,26.79,"22,816.89"
929,2023.07.12 03:00,sell,465,0.1,0.67218,0,0,,
930,2023.07.12 08:07,close,465,0.1,0.66943,0,0,27.5,"22,844.39"
931,2023.07.12 15:00,sell,466,0.1,0.67746,0,0,,
932,2023.07.13 02:58,sell,467,0.1,0.68008,0,0,,
933,2023.07.13 07:29,sell,468,0.1,0.68272,0,0,,
934,2023.07.13 11:03,sell,469,0.1,0.68537,0,0,,
935,2023.07.13 14:37,sell,470,0.1,0.68803,0,0,,
936,2023.07.17 13:46,close,466,0.1,0.68,0,0,-25.45,"22,818.94"
937,2023.07.17 13:46,close,467,0.1,0.68,0,0,0.78,"22,819.72"
938,2023.07.17 13:46,close,468,0.1,0.68,0,0,27.18,"22,846.90"
939,2023.07.17 13:46,close,469,0.1,0.68,0,0,53.68,"22,900.58"
940,2023.07.17 13:46,close,470,0.1,0.68,0,0,80.28,"22,980.86"
941,2023.07.20 03:00,sell,471,0.1,0.68257,0,0,,
942,2023.07.20 15:20,close,471,0.1,0.67982,0,0,27.5,"23,008.36"
943,2023.07.27 05:00,sell,472,0.1,0.68088,0,0,,
944,2023.07.27 13:30,close,472,0.1,0.67815,0,0,27.3,"23,035.66"
945,2023.08.08 08:00,buy,473,0.1,0.65233,0,0,,
946,2023.08.08 14:45,buy,474,0.1,0.64981,0,0,,
947,2023.08.08 18:44,close,473,0.1,0.65368,0,0,13.5,"23,049.16"
948,2023.08.08 18:44,close,474,0.1,0.65368,0,0,38.7,"23,087.86"
949,2023.08.10 14:00,sell,475,0.1,0.65849,0,0,,
950,2023.08.10 15:46,close,475,0.1,0.65585,0,0,26.4,"23,114.26"
951,2023.08.11 18:00,buy,476,0.1,0.64911,0,0,,
952,2023.08.14 03:11,buy,477,0.1,0.64659,0,0,,
953,2023.08.15 04:21,close,476,0.1,0.65045,0,0,12.96,"23,127.22"
954,2023.08.15 04:21,close,477,0.1,0.65045,0,0,38.38,"23,165.60"
955,2023.08.22 11:00,sell,478,0.1,0.64533,0,0,,
956,2023.08.22 14:00,close,478,0.1,0.64274,0,0,25.9,"23,191.50"
957,2023.08.23 16:00,sell,479,0.1,0.6462,0,0,,
958,2023.08.24 01:22,sell,480,0.1,0.64871,0,0,,
959,2023.08.24 10:37,close,479,0.1,0.64485,0,0,13.47,"23,204.97"
960,2023.08.24 10:37,close,480,0.1,0.64485,0,0,38.6,"23,243.57"
961,2023.08.25 16:00,buy,481,0.1,0.63853,0,0,,
962,2023.08.25 16:37,close,481,0.1,0.64111,0,0,25.8,"23,269.37"
963,2023.08.30 14:00,sell,482,0.1,0.65084,0,0,,
964,2023.08.30 17:19,close,482,0.1,0.64823,0,0,26.1,"23,295.47"
965,2023.09.05 03:00,buy,483,0.1,0.64364,0,0,,
966,2023.09.05 06:51,buy,484,0.1,0.64115,0,0,,
967,2023.09.05 07:25,buy,485,0.1,0.63865,0,0,,
968,2023.09.05 12:18,buy,486,0.1,0.63618,0,0,,
969,2023.09.11 05:26,close,483,0.1,0.64249,0,0,-12.82,"23,282.65"
970,2023.09.11 05:26,close,484,0.1,0.64249,0,0,12.08,"23,294.73"
971,2023.09.11 05:26,close,485,0.1,0.64249,0,0,37.08,"23,331.81"
972,2023.09.11 05:26,close,486,0.1,0.64249,0,0,61.78,"23,393.59"
973,2023.09.11 06:00,sell,487,0.1,0.64366,0,0,,
974,2023.09.12 14:03,close,487,0.1,0.64108,0,0,25.79,"23,419.38"
975,2023.09.15 06:00,sell,488,0.1,0.64718,0,0,,
976,2023.09.15 13:35,close,488,0.1,0.64459,0,0,25.9,"23,445.28"
977,2023.09.20 15:00,sell,489,0.1,0.6497,0,0,,
978,2023.09.20 19:01,close,489,0.1,0.6471,0,0,26,"23,471.28"
979,2023.09.27 19:00,buy,490,0.1,0.63415,0,0,,
980,2023.09.28 02:28,close,490,0.1,0.63669,0,0,24.74,"23,496.02"
981,2023.10.03 06:00,buy,491,0.1,0.63177,0,0,,
982,2023.10.03 15:05,buy,492,0.1,0.62933,0,0,,
983,2023.10.04 12:12,close,491,0.1,0.63309,0,0,12.98,"23,509.00"
984,2023.10.04 12:12,close,492,0.1,0.63309,0,0,37.38,"23,546.38"
985,2023.10.05 03:00,sell,493,0.1,0.63646,0,0,,
986,2023.10.05 09:39,close,493,0.1,0.63391,0,0,25.5,"23,571.88"
987,2023.10.09 19:00,sell,494,0.1,0.64011,0,0,,
988,2023.10.10 01:01,sell,495,0.1,0.64259,0,0,,
989,2023.10.12 13:30,close,494,0.1,0.63877,0,0,13.35,"23,585.23"
990,2023.10.12 13:30,close,495,0.1,0.63877,0,0,38.16,"23,623.39"
991,2023.10.12 15:00,buy,496,0.1,0.63539,0,0,,
992,2023.10.12 16:50,buy,497,0.1,0.63293,0,0,,
993,2023.10.13 15:40,buy,498,0.1,0.63047,0,0,,
994,2023.10.17 01:35,close,496,0.1,0.63547,0,0,0.14,"23,623.53"
995,2023.10.17 01:35,close,497,0.1,0.63547,0,0,24.74,"23,648.27"
996,2023.10.17 01:35,close,498,0.1,0.63547,0,0,49.56,"23,697.83"
997,2023.10.17 17:00,sell,499,0.1,0.63756,0,0,,
998,2023.10.18 15:32,close,499,0.1,0.63497,0,0,25.89,"23,723.72"
999,2023.10.25 02:00,sell,500,0.1,0.63913,0,0,,
1000,2023.10.25 08:02,close,500,0.1,0.63657,0,0,25.6,"23,749.32"
1001,2023.11.03 14:00,sell,501,0.1,0.64931,0,0,,
1002,2023.11.06 00:57,sell,502,0.1,0.65182,0,0,,
1003,2023.11.07 01:12,close,501,0.1,0.64795,0,0,13.58,"23,762.90"
1004,2023.11.07 01:12,close,502,0.1,0.64795,0,0,38.69,"23,801.59"
1005,2023.11.07 05:00,buy,503,0.1,0.64382,0,0,,
1006,2023.11.07 11:31,buy,504,0.1,0.64132,0,0,,
1007,2023.11.09 18:07,buy,505,0.1,0.63882,0,0,,
1008,2023.11.09 22:21,buy,506,0.1,0.6363,0,0,,
1009,2023.11.14 13:32,close,503,0.1,0.64273,0,0,-12.44,"23,789.15"
1010,2023.11.14 13:32,close,504,0.1,0.64273,0,0,12.56,"23,801.71"
1011,2023.11.14 13:32,close,505,0.1,0.64273,0,0,38.44,"23,840.15"
1012,2023.11.14 13:32,close,506,0.1,0.64273,0,0,63.64,"23,903.79"
1013,2023.11.14 14:00,sell,507,0.1,0.64412,0,0,,
1014,2023.11.14 14:24,sell,508,0.1,0.64661,0,0,,
1015,2023.11.14 16:13,sell,509,0.1,0.64911,0,0,,
1016,2023.11.15 10:42,sell,510,0.1,0.65162,0,0,,
1017,2023.11.15 13:30,sell,511,0.1,0.65414,0,0,,
1018,2023.11.16 02:11,close,507,0.1,0.64649,0,0,-23.74,"23,880.05"
1019,2023.11.16 02:11,close,508,0.1,0.64649,0,0,1.16,"23,881.21"
1020,2023.11.16 02:11,close,509,0.1,0.64649,0,0,26.16,"23,907.37"
1021,2023.11.16 02:11,close,510,0.1,0.64649,0,0,51.27,"23,958.64"
1022,2023.11.16 02:11,close,511,0.1,0.64649,0,0,76.47,"24,035.11"
1023,2023.11.20 03:00,sell,512,0.1,0.65426,0,0,,
1024,2023.11.21 00:34,sell,513,0.1,0.65679,0,0,,
1025,2023.11.22 06:38,close,512,0.1,0.65288,0,0,13.78,"24,048.89"
1026,2023.11.22 06:38,close,513,0.1,0.65288,0,0,39.09,"24,087.98"
1027,2023.11.28 16:00,sell,514,0.1,0.66413,0,0,,
1028,2023.11.29 01:01,sell,515,0.1,0.66672,0,0,,
1029,2023.11.29 07:43,close,514,0.1,0.66274,0,0,13.89,"24,101.87"
1030,2023.11.29 07:43,close,515,0.1,0.66274,0,0,39.8,"24,141.67"
1031,2023.12.01 17:00,sell,516,0.1,0.66586,0,0,,
1032,2023.12.03 23:18,sell,517,0.1,0.66844,0,0,,
1033,2023.12.04 07:41,close,516,0.1,0.66448,0,0,13.79,"24,155.46"
1034,2023.12.04 07:41,close,517,0.1,0.66448,0,0,39.59,"24,195.05"
1035,2023.12.13 20:00,sell,518,0.1,0.66647,0,0,,
1036,2023.12.14 00:52,sell,519,0.1,0.66905,0,0,,
1037,2023.12.14 02:26,sell,520,0.1,0.67165,0,0,,
1038,2023.12.15 13:43,close,518,0.1,0.66637,0,0,0.96,"24,196.01"
1039,2023.12.15 13:43,close,519,0.1,0.66637,0,0,26.79,"24,222.80"
1040,2023.12.15 13:43,close,520,0.1,0.66637,0,0,52.79,"24,275.59"
1041,2023.12.19 15:00,sell,521,0.1,0.67649,0,0,,
1042,2023.12.20 20:08,close,521,0.1,0.67377,0,0,27.19,"24,302.78"
1043,2024.01.02 13:00,buy,522,0.1,0.67859,0,0,,
1044,2024.01.02 20:06,buy,523,0.1,0.67596,0,0,,
1045,2024.01.03 11:25,buy,524,0.1,0.67334,0,0,,
1046,2024.01.03 14:36,buy,525,0.1,0.67072,0,0,,
1047,2024.01.05 10:09,buy,526,0.1,0.66811,0,0,,
1048,2024.01.05 13:30,buy,527,0.1,0.66552,0,0,,
1049,2024.01.05 15:10,close,522,0.1,0.67474,0,0,-39.6,"24,263.18"
1050,2024.01.05 15:10,close,523,0.1,0.67474,0,0,-13.3,"24,249.88"
1051,2024.01.05 15:10,close,524,0.1,0.67474,0,0,13.12,"24,263.00"
1052,2024.01.05 15:10,close,525,0.1,0.67474,0,0,39.32,"24,302.32"
1053,2024.01.05 15:10,close,526,0.1,0.67474,0,0,66.3,"24,368.62"
1054,2024.01.05 15:10,close,527,0.1,0.67474,0,0,92.2,"24,460.82"
1055,2024.01.16 01:00,buy,528,0.1,0.66263,0,0,,
1056,2024.01.16 10:00,buy,529,0.1,0.66004,0,0,,
1057,2024.01.17 03:19,buy,530,0.1,0.65748,0,0,,
1058,2024.01.17 07:47,buy,531,0.1,0.65487,0,0,,
1059,2024.01.24 13:29,close,528,0.1,0.6614,0,0,-14.06,"24,446.76"
1060,2024.01.24 13:29,close,529,0.1,0.6614,0,0,11.84,"24,458.60"
1061,2024.01.24 13:29,close,530,0.1,0.6614,0,0,37.66,"24,496.26"
1062,2024.01.24 13:29,close,531,0.1,0.6614,0,0,63.76,"24,560.02"
1063,2024.02.05 16:00,buy,532,0.1,0.6473,0,0,,
1064,2024.02.06 03:30,close,532,0.1,0.65004,0,0,27.18,"24,587.20"
1065,2024.02.13 14:00,buy,533,0.1,0.6468,0,0,,
1066,2024.02.14 18:03,close,533,0.1,0.64939,0,0,25.68,"24,612.88"
1067,2024.02.15 14:00,sell,534,0.1,0.65181,0,0,,
1068,2024.02.16 19:15,sell,535,0.1,0.65433,0,0,,
1069,2024.02.20 13:46,sell,536,0.1,0.65686,0,0,,
1070,2024.02.22 08:27,sell,537,0.1,0.6594,0,0,,
1071,2024.02.27 02:26,close,534,0.1,0.65296,0,0,-11.6,"24,601.28"
1072,2024.02.27 02:26,close,535,0.1,0.65296,0,0,13.61,"24,614.89"
1073,2024.02.27 02:26,close,536,0.1,0.65296,0,0,38.93,"24,653.82"
1074,2024.02.27 02:26,close,537,0.1,0.65296,0,0,64.37,"24,718.19"
1075,2024.03.06 15:00,sell,538,0.1,0.65504,0,0,,
1076,2024.03.06 16:42,sell,539,0.1,0.65758,0,0,,
1077,2024.03.07 10:30,sell,540,0.1,0.66014,0,0,,
1078,2024.03.08 00:31,sell,541,0.1,0.6627,0,0,,
1079,2024.03.08 13:30,sell,542,0.1,0.6653,0,0,,
1080,2024.03.14 16:20,close,538,0.1,0.65751,0,0,-24.8,"24,693.39"
1081,2024.03.14 16:20,close,539,0.1,0.65751,0,0,0.6,"24,693.99"
1082,2024.03.14 16:20,close,540,0.1,0.65751,0,0,26.23,"24,720.22"
1083,2024.03.14 16:20,close,541,0.1,0.65751,0,0,51.84,"24,772.06"
1084,2024.03.14 16:20,close,542,0.1,0.65751,0,0,77.84,"24,849.90"
1085,2024.03.20 20:00,sell,543,0.1,0.65766,0,0,,
1086,2024.03.21 01:30,sell,544,0.1,0.66021,0,0,,
1087,2024.03.21 04:39,sell,545,0.1,0.66277,0,0,,
1088,2024.03.21 15:10,close,543,0.1,0.65756,0,0,0.97,"24,850.87"
1089,2024.03.21 15:10,close,544,0.1,0.65756,0,0,26.5,"24,877.37"
1090,2024.03.21 15:10,close,545,0.1,0.65756,0,0,52.1,"24,929.47"
1091,2024.03.28 11:00,buy,546,0.1,0.64882,0,0,,
1092,2024.03.28 14:50,close,546,0.1,0.65142,0,0,26,"24,955.47"
1093,2024.04.03 17:00,sell,547,0.1,0.65568,0,0,,
1094,2024.04.04 02:06,sell,548,0.1,0.65822,0,0,,
1095,2024.04.04 11:26,sell,549,0.1,0.66077,0,0,,
1096,2024.04.05 13:30,close,547,0.1,0.65559,0,0,0.86,"24,956.33"
1097,2024.04.05 13:30,close,548,0.1,0.65559,0,0,26.29,"24,982.62"
1098,2024.04.05 13:30,close,549,0.1,0.65559,0,0,51.79,"25,034.41"
1099,2024.04.09 14:00,sell,550,0.1,0.66313,0,0,,
1100,2024.04.10 13:30,close,550,0.1,0.66043,0,0,26.99,"25,061.40"
1101,2024.04.10 14:00,buy,551,0.1,0.65559,0,0,,
1102,2024.04.10 14:37,buy,552,0.1,0.65305,0,0,,
1103,2024.04.10 17:02,buy,553,0.1,0.65052,0,0,,
1104,2024.04.12 13:49,buy,554,0.1,0.648,0,0,,
1105,2024.04.15 15:10,buy,555,0.1,0.64549,0,0,,
1106,2024.04.16 01:38,buy,556,0.1,0.64299,0,0,,
1107,2024.04.16 14:20,buy,557,0.1,0.64049,0,0,,
1108,2024.04.19 02:36,buy,558,0.1,0.63791,0,0,,
1109,2024.04.24 01:54,close,551,0.1,0.64935,0,0,-65.48,"24,995.92"
1110,2024.04.24 01:54,close,552,0.1,0.64935,0,0,-40.08,"24,955.84"
1111,2024.04.24 01:54,close,553,0.1,0.64935,0,0,-14.78,"24,941.06"
1112,2024.04.24 01:54,close,554,0.1,0.64935,0,0,11.3,"24,952.36"
1113,2024.04.24 01:54,close,555,0.1,0.64935,0,0,36.62,"24,988.98"
1114,2024.04.24 01:54,close,556,0.1,0.64935,0,0,61.84,"25,050.82"
1115,2024.04.24 01:54,close,557,0.1,0.64935,0,0,86.84,"25,137.66"
1116,2024.04.24 01:54,close,558,0.1,0.64935,0,0,113.74,"25,251.40"
1117,2024.04.25 08:00,sell,559,0.1,0.65196,0,0,,
1118,2024.04.25 13:46,close,559,0.1,0.64935,0,0,26.1,"25,277.50"
1119,2024.04.29 04:00,sell,560,0.1,0.65642,0,0,,
1120,2024.04.30 03:44,close,560,0.1,0.65379,0,0,26.29,"25,303.79"
1121,2024.05.02 18:00,sell,561,0.1,0.65564,0,0,,
1122,2024.05.03 02:33,sell,562,0.1,0.65818,0,0,,
1123,2024.05.03 13:30,sell,563,0.1,0.66081,0,0,,
1124,2024.05.03 13:30,sell,564,0.1,0.66337,0,0,,
1125,2024.05.08 09:00,close,561,0.1,0.65686,0,0,-12.24,"25,291.55"
1126,2024.05.08 09:00,close,562,0.1,0.65686,0,0,13.17,"25,304.72"
1127,2024.05.08 09:00,close,563,0.1,0.65686,0,0,39.47,"25,344.19"
1128,2024.05.08 09:00,close,564,0.1,0.65686,0,0,65.07,"25,409.26"
1129,2024.05.15 18:00,sell,565,0.1,0.6686,0,0,,
1130,2024.05.16 01:51,sell,566,0.1,0.67119,0,0,,
1131,2024.05.16 12:27,close,565,0.1,0.66721,0,0,13.87,"25,423.13"
1132,2024.05.16 12:27,close,566,0.1,0.66721,0,0,39.8,"25,462.93"
1133,2024.05.31 14:00,sell,567,0.1,0.66649,0,0,,
1134,2024.05.31 16:22,close,567,0.1,0.66382,0,0,26.7,"25,489.63"
1135,2024.06.07 14:00,buy,568,0.1,0.66078,0,0,,
1136,2024.06.07 16:38,buy,569,0.1,0.6582,0,0,,
1137,2024.06.12 06:34,close,568,0.1,0.66214,0,0,12.94,"25,502.57"
1138,2024.06.12 06:34,close,569,0.1,0.66214,0,0,38.74,"25,541.31"
1139,2024.06.12 14:00,sell,570,0.1,0.66877,0,0,,
1140,2024.06.12 20:25,close,570,0.1,0.66605,0,0,27.2,"25,568.51"
1141,2024.07.03 16:00,sell,571,0.1,0.67202,0,0,,
1142,2024.07.05 13:30,sell,572,0.1,0.67469,0,0,,
1143,2024.07.11 13:30,sell,573,0.1,0.67769,0,0,,
1144,2024.07.16 13:40,close,571,0.1,0.6721,0,0,-0.93,"25,567.58"
1145,2024.07.16 13:40,close,572,0.1,0.6721,0,0,25.81,"25,593.39"
1146,2024.07.16 13:40,close,573,0.1,0.6721,0,0,55.87,"25,649.26"
1147,2024.07.24 05:00,buy,574,0.1,0.65948,0,0,,
1148,2024.07.25 01:25,buy,575,0.1,0.65693,0,0,,
1149,2024.07.25 05:46,buy,576,0.1,0.65438,0,0,,
1150,2024.07.25 13:30,buy,577,0.1,0.65172,0,0,,
1151,2024.07.31 02:30,buy,578,0.1,0.6492,0,0,,
1152,2024.08.05 06:39,buy,579,0.1,0.64663,0,0,,
1153,2024.08.05 06:54,buy,580,0.1,0.64409,0,0,,
1154,2024.08.05 07:00,buy,581,0.1,0.64159,0,0,,
1155,2024.08.05 07:02,buy,582,0.1,0.6391,0,0,,
1156,2024.08.05 07:03,buy,583,0.1,0.63659,0,0,,
1157,2024.08.05 14:46,close,574,0.1,0.65057,0,0,-91.74,"25,557.52"
1158,2024.08.05 14:46,close,575,0.1,0.65057,0,0,-65.58,"25,491.94"
1159,2024.08.05 14:46,close,576,0.1,0.65057,0,0,-40.08,"25,451.86"
1160,2024.08.05 14:46,close,577,0.1,0.65057,0,0,-13.48,"25,438.38"
1161,2024.08.05 14:46,close,578,0.1,0.65057,0,0,12.6,"25,450.98"
1162,2024.08.05 14:46,close,579,0.1,0.65057,0,0,39.4,"25,490.38"
1163,2024.08.05 14:46,close,580,0.1,0.65057,0,0,64.8,"25,555.18"
1164,2024.08.05 14:46,close,581,0.1,0.65057,0,0,89.8,"25,644.98"
1165,2024.08.05 14:46,close,582,0.1,0.65057,0,0,114.7,"25,759.68"
1166,2024.08.05 14:46,close,583,0.1,0.65057,0,0,139.8,"25,899.48"
1167,2024.08.12 09:00,sell,584,0.1,0.65998,0,0,,
1168,2024.08.13 17:50,sell,585,0.1,0.66254,0,0,,
1169,2024.08.15 02:06,close,584,0.1,0.6586,0,0,13.75,"25,913.23"
1170,2024.08.15 02:06,close,585,0.1,0.6586,0,0,39.36,"25,952.59"
1171,2024.08.19 16:00,sell,586,0.1,0.67156,0,0,,
1172,2024.08.20 15:21,sell,587,0.1,0.67416,0,0,,
1173,2024.08.22 15:21,close,586,0.1,0.67016,0,0,13.95,"25,966.54"
1174,2024.08.22 15:21,close,587,0.1,0.67016,0,0,39.96,"26,006.50"
1175,2024.08.23 16:00,sell,588,0.1,0.67708,0,0,,
1176,2024.08.23 19:07,sell,589,0.1,0.6797,0,0,,
1177,2024.08.29 11:06,sell,590,0.1,0.68233,0,0,,
1178,2024.08.30 16:20,close,588,0.1,0.67698,0,0,0.93,"26,007.43"
1179,2024.08.30 16:20,close,589,0.1,0.67698,0,0,27.13,"26,034.56"
1180,2024.08.30 16:20,close,590,0.1,0.67698,0,0,53.49,"26,088.05"
1181,2024.09.06 17:00,buy,591,0.1,0.6676,0,0,,
1182,2024.09.09 11:36,buy,592,0.1,0.66501,0,0,,
1183,2024.09.11 15:41,buy,593,0.1,0.66241,0,0,,
1184,2024.09.11 23:15,close,591,0.1,0.66767,0,0,0.04,"26,088.09"
1185,2024.09.11 23:15,close,592,0.1,0.66767,0,0,26.16,"26,114.25"
1186,2024.09.11 23:15,close,593,0.1,0.66767,0,0,52.6,"26,166.85"
1187,2024.09.12 18:00,sell,594,0.1,0.6705,0,0,,
1188,2024.09.13 02:00,sell,595,0.1,0.6731,0,0,,
1189,2024.09.17 07:13,sell,596,0.1,0.67571,0,0,,
1190,2024.09.18 10:48,sell,597,0.1,0.67833,0,0,,
1191,2024.09.18 19:00,sell,598,0.1,0.68098,0,0,,
1192,2024.09.19 10:21,sell,599,0.1,0.68363,0,0,,
1193,2024.09.24 05:40,sell,600,0.1,0.68637,0,0,,
1194,2024.09.24 20:54,sell,601,0.1,0.68903,0,0,,
1195,2024.09.27 13:42,sell,602,0.1,0.6917,0,0,,
1196,2024.10.07 10:00,close,594,0.1,0.6783,0,0,-78.23,"26,088.62"
1197,2024.10.07 10:00,close,595,0.1,0.6783,0,0,-52.22,"26,036.40"
1198,2024.10.07 10:00,close,596,0.1,0.6783,0,0,-26.1,"26,010.30"
1199,2024.10.07 10:00,close,597,0.1,0.6783,0,0,0.11,"26,010.41"
1200,2024.10.07 10:00,close,598,0.1,0.6783,0,0,26.61,"26,037.02"
1201,2024.10.07 10:00,close,599,0.1,0.6783,0,0,53.14,"26,090.16"
1202,2024.10.07 10:00,close,600,0.1,0.6783,0,0,80.57,"26,170.73"
1203,2024.10.07 10:00,close,601,0.1,0.6783,0,0,107.17,"26,277.90"
1204,2024.10.07 10:00,close,602,0.1,0.6783,0,0,133.92,"26,411.82"
1205,2024.10.07 16:00,buy,603,0.1,0.6764,0,0,,
1206,2024.10.08 03:14,buy,604,0.1,0.67378,0,0,,
1207,2024.10.09 14:35,buy,605,0.1,0.67117,0,0,,
1208,2024.10.16 00:54,buy,606,0.1,0.66857,0,0,,
1209,2024.10.16 16:47,buy,607,0.1,0.66598,0,0,,
1210,2024.10.23 13:07,buy,608,0.1,0.6634,0,0,,
1211,2024.10.25 18:09,buy,609,0.1,0.66081,0,0,,
1212,2024.10.28 04:53,buy,610,0.1,0.65824,0,0,,
1213,2024.10.29 13:26,buy,611,0.1,0.65568,0,0,,
1214,2024.11.06 03:40,buy,612,0.1,0.65314,0,0,,
1215,2024.11.07 14:48,close,603,0.1,0.66738,0,0,-97.46,"26,314.36"
1216,2024.11.07 14:48,close,604,0.1,0.66738,0,0,-71.04,"26,243.32"
1217,2024.11.07 14:48,close,605,0.1,0.66738,0,0,-44.72,"26,198.60"
1218,2024.11.07 14:48,close,606,0.1,0.66738,0,0,-17.18,"26,181.42"
1219,2024.11.07 14:48,close,607,0.1,0.66738,0,0,8.72,"26,190.14"
1220,2024.11.07 14:48,close,608,0.1,0.66738,0,0,36.06,"26,226.20"
1221,2024.11.07 14:48,close,609,0.1,0.66738,0,0,62.84,"26,289.04"
1222,2024.11.07 14:48,close,610,0.1,0.66738,0,0,88.76,"26,377.80"
1223,2024.11.07 14:48,close,611,0.1,0.66738,0,0,114.58,"26,492.38"
1224,2024.11.07 14:48,close,612,0.1,0.66738,0,0,141.74,"26,634.12"
1225,2024.11.08 17:00,buy,613,0.1,0.65711,0,0,,
1226,2024.11.11 01:23,close,613,0.1,0.65974,0,0,26.08,"26,660.20"
1227,2024.11.12 03:00,buy,614,0.1,0.65553,0,0,,
1228,2024.11.12 16:39,buy,615,0.1,0.65299,0,0,,
1229,2024.11.13 14:49,buy,616,0.1,0.65045,0,0,,
1230,2024.11.14 02:04,buy,617,0.1,0.64792,0,0,,
1231,2024.11.14 10:31,buy,618,0.1,0.64541,0,0,,
1232,2024.11.19 19:00,close,614,0.1,0.65308,0,0,-26.04,"26,634.16"
1233,2024.11.19 19:00,close,615,0.1,0.65308,0,0,-0.64,"26,633.52"
1234,2024.11.19 19:00,close,616,0.1,0.65308,0,0,24.98,"26,658.50"
1235,2024.11.19 19:00,close,617,0.1,0.65308,0,0,50.94,"26,709.44"
1236,2024.11.19 19:00,close,618,0.1,0.65308,0,0,76.04,"26,785.48"
1237,2024.11.26 00:00,buy,619,0.1,0.64638,0,0,,
1238,2024.11.26 01:03,buy,620,0.1,0.64388,0,0,,
1239,2024.11.26 02:47,close,619,0.1,0.64773,0,0,13.5,"26,798.98"
1240,2024.11.26 02:47,close,620,0.1,0.64773,0,0,38.5,"26,837.48"
1241,2024.12.02 15:00,buy,621,0.1,0.64521,0,0,,
1242,2024.12.02 20:15,close,621,0.1,0.6478,0,0,25.9,"26,863.38"
1243,2024.12.04 03:00,buy,622,0.1,0.64292,0,0,,
1244,2024.12.04 12:50,buy,623,0.1,0.64043,0,0,,
1245,2024.12.04 19:16,close,622,0.1,0.64425,0,0,13.3,"26,876.68"
1246,2024.12.04 19:16,close,623,0.1,0.64425,0,0,38.2,"26,914.88"
1247,2024.12.06 17:00,buy,624,0.1,0.6382,0,0,,
1248,2024.12.09 07:32,close,624,0.1,0.64077,0,0,25.48,"26,940.36"
1249,2024.12.10 04:00,buy,625,0.1,0.63936,0,0,,
1250,2024.12.10 15:55,buy,626,0.1,0.63687,0,0,,
1251,2024.12.11 07:10,buy,627,0.1,0.63432,0,0,,
1252,2024.12.12 00:32,close,625,0.1,0.64112,0,0,16.72,"26,957.08"
1253,2024.12.12 00:32,close,626,0.1,0.64112,0,0,41.62,"26,998.70"
1254,2024.12.12 00:32,close,627,0.1,0.64112,0,0,67.34,"27,066.04"
1255,2024.12.12 02:00,sell,628,0.1,0.64106,0,0,,
1256,2024.12.12 14:26,close,628,0.1,0.63849,0,0,25.7,"27,091.74"
1257,2024.12.18 20:00,buy,629,0.1,0.62415,0,0,,
1258,2024.12.18 21:38,buy,630,0.1,0.62173,0,0,,
1259,2024.12.19 13:17,close,629,0.1,0.62544,0,0,12.24,"27,103.98"
1260,2024.12.19 13:17,close,630,0.1,0.62544,0,0,36.44,"27,140.42"
1261,2025.01.06 12:00,sell,631,0.1,0.62851,0,0,,
1262,2025.01.06 14:16,close,631,0.1,0.62599,0,0,25.2,"27,165.62"
1263,2025.01.08 12:00,buy,632,0.1,0.62011,0,0,,
1264,2025.01.09 08:02,buy,633,0.1,0.61771,0,0,,
1265,2025.01.10 13:30,buy,634,0.1,0.61529,0,0,,
1266,2025.01.13 23:34,close,632,0.1,0.62018,0,0,-0.4,"27,165.22"
1267,2025.01.13 23:34,close,633,0.1,0.62018,0,0,24.26,"27,189.48"
1268,2025.01.13 23:34,close,634,0.1,0.62018,0,0,48.68,"27,238.16"
1269,2025.01.15 14:00,sell,635,0.1,0.62428,0,0,,
1270,2025.01.15 16:31,close,635,0.1,0.62177,0,0,25.1,"27,263.26"
1271,2025.01.17 14:00,buy,636,0.1,0.6178,0,0,,
1272,2025.01.17 14:52,close,636,0.1,0.62029,0,0,24.9,"27,288.16"
1273,2025.01.20 14:00,sell,637,0.1,0.62646,0,0,,
1274,2025.01.20 17:25,close,637,0.1,0.62387,0,0,25.9,"27,314.06"
1275,2025.01.28 00:00,buy,638,0.1,0.626,0,0,,
1276,2025.01.29 00:30,buy,639,0.1,0.62358,0,0,,
1277,2025.01.29 13:50,buy,640,0.1,0.62115,0,0,,
1278,2025.01.31 17:12,close,638,0.1,0.62609,0,0,-0.2,"27,313.86"
1279,2025.01.31 17:12,close,639,0.1,0.62609,0,0,24.22,"27,338.08"
1280,2025.01.31 17:12,close,640,0.1,0.62609,0,0,48.52,"27,386.60"
1281,2025.02.02 23:00,buy,641,0.1,0.61533,0,0,,
1282,2025.02.03 00:21,buy,642,0.1,0.61295,0,0,,
1283,2025.02.03 02:03,buy,643,0.1,0.61058,0,0,,
1284,2025.02.03 12:26,close,641,0.1,0.61541,0,0,0.58,"27,387.18"
1285,2025.02.03 12:26,close,642,0.1,0.61541,0,0,24.6,"27,411.78"
1286,2025.02.03 12:26,close,643,0.1,0.61541,0,0,48.3,"27,460.08"
1287,2025.02.04 16:00,sell,644,0.1,0.6248,0,0,,
1288,2025.02.05 07:50,sell,645,0.1,0.62721,0,0,,
1289,2025.02.05 17:06,sell,646,0.1,0.62963,0,0,,
1290,2025.02.09 22:00,close,644,0.1,0.62335,0,0,14.45,"27,474.53"
1291,2025.02.09 22:00,close,645,0.1,0.62335,0,0,38.56,"27,513.09"
1292,2025.02.09 22:00,close,646,0.1,0.62335,0,0,62.76,"27,575.85"
1293,2025.02.14 15:00,sell,647,0.1,0.63651,0,0,,
1294,2025.02.18 01:29,close,647,0.1,0.63396,0,0,25.48,"27,601.33"
1295,2025.02.27 14:00,buy,648,0.1,0.62674,0,0,,
1296,2025.02.27 19:34,buy,649,0.1,0.62431,0,0,,
1297,2025.02.28 02:00,buy,650,0.1,0.62189,0,0,,
1298,2025.02.28 18:22,buy,651,0.1,0.61949,0,0,,
1299,2025.03.04 20:17,close,648,0.1,0.6256,0,0,-12.06,"27,589.27"
1300,2025.03.04 20:17,close,649,0.1,0.6256,0,0,12.24,"27,601.51"
1301,2025.03.04 20:17,close,650,0.1,0.6256,0,0,36.66,"27,638.17"
1302,2025.03.04 20:17,close,651,0.1,0.6256,0,0,60.66,"27,698.83"
1303,2025.03.04 22:00,sell,652,0.1,0.62695,0,0,,
1304,2025.03.05 02:28,close,652,0.1,0.62444,0,0,25.09,"27,723.92"
1305,2025.03.05 15:00,sell,653,0.1,0.6316,0,0,,
1306,2025.03.05 19:57,sell,654,0.1,0.63406,0,0,,
1307,2025.03.07 03:49,close,653,0.1,0.63029,0,0,13.06,"27,736.98"
1308,2025.03.07 03:49,close,654,0.1,0.63029,0,0,37.66,"27,774.64"
1309,2025.03.10 20:00,buy,655,0.1,0.62699,0,0,,
1310,2025.03.11 10:05,close,655,0.1,0.62951,0,0,24.98,"27,799.62"
1311,2025.03.17 11:00,sell,656,0.1,0.63464,0,0,,
1312,2025.03.17 16:24,sell,657,0.1,0.63709,0,0,,
1313,2025.03.19 08:41,close,656,0.1,0.63331,0,0,13.28,"27,812.90"
1314,2025.03.19 08:41,close,657,0.1,0.63331,0,0,37.78,"27,850.68"
1315,2025.03.20 11:00,buy,658,0.1,0.62945,0,0,,
1316,2025.03.21 16:41,buy,659,0.1,0.62701,0,0,,
1317,2025.03.25 11:32,close,658,0.1,0.63075,0,0,12.34,"27,863.02"
1318,2025.03.25 11:32,close,659,0.1,0.63075,0,0,36.96,"27,899.98"
1319,2025.03.31 11:00,buy,660,0.1,0.62511,0,0,,
1320,2025.03.31 14:46,buy,661,0.1,0.62268,0,0,,
1321,2025.04.01 04:31,close,660,0.1,0.62641,0,0,12.78,"27,912.76"
1322,2025.04.01 04:31,close,661,0.1,0.62641,0,0,37.08,"27,949.84"
1323,2025.04.10 16:00,sell,662,0.1,0.62446,0,0,,
1324,2025.04.10 16:26,close,662,0.1,0.62196,0,0,25,"27,974.84"
1325,2025.04.15 06:00,sell,663,0.1,0.63688,0,0,,
1326,2025.04.15 19:15,close,663,0.1,0.63428,0,0,26,"28,000.84"
1327,2025.04.21 05:00,sell,664,0.1,0.64242,0,0,,
1328,2025.04.22 12:00,close,664,0.1,0.63985,0,0,25.69,"28,026.53"
1329,2025.05.07 21:00,buy,665,0.1,0.64308,0,0,,
1330,2025.05.08 02:51,close,665,0.1,0.64566,0,0,25.14,"28,051.67"
1331,2025.05.28 06:00,buy,666,0.1,0.64268,0,0,,
1332,2025.05.29 13:38,close,666,0.1,0.64526,0,0,25.14,"28,076.81"
1333,2025.06.05 15:00,sell,667,0.1,0.6526,0,0,,
1334,2025.06.06 03:02,close,667,0.1,0.64997,0,0,26.29,"28,103.10"
1335,2025.06.17 19:00,buy,668,0.1,0.64764,0,0,,
1336,2025.06.18 05:56,close,668,0.1,0.65025,0,0,25.88,"28,128.98"
1337,2025.06.19 07:00,buy,669,0.1,0.64676,0,0,,
1338,2025.06.20 01:14,close,669,0.1,0.64935,0,0,25.68,"28,154.66"